,uuid,timestamp,gps_lat,gps_lon,gps_alt,file_size,width,height,s3_path,url
1599,c06c0b9299ce6444f3fd85d36e08f91ec7ae5f0d,2017-10-04 15:45:55,17.974245,-66.2414283333333,405.0,7426538.0,4496.0,3000.0,s3://ladi/Images/FEMA_CAP/9075/614044/A0153_AP_f2900b71-b063-4602-b0a0-551101dfc9af.jpg,https://ladi.s3-us-west-2.amazonaws.com/Images/FEMA_CAP/9075/614044/A0153_AP_f2900b71-b063-4602-b0a0-551101dfc9af.jpg
3543,2e3eeea26efde2052a030f39d875d2f3d988afb2,2015-10-07 19:31:38,33.2352316666667,-80.8498883333333,462.0,6173630.0,6000.0,4000.0,s3://ladi/Images/FEMA_CAP/1013/20184/DSC_1744_34a12bd8-2cdc-42d1-8259-a8b66e0a6aaf.jpg,https://ladi.s3-us-west-2.amazonaws.com/Images/FEMA_CAP/1013/20184/DSC_1744_34a12bd8-2cdc-42d1-8259-a8b66e0a6aaf.jpg
4804,26ade370fa6616a9a33996c05a5dd7d25d9d32f1,2015-10-09 15:35:03,32.9860633333333,-80.4304216666667,392.0,5440369.0,4288.0,2848.0,s3://ladi/Images/FEMA_CAP/1013/20212/DSC_0505_088f7121-c999-4355-8322-79e3a8e1870a.jpg,https://ladi.s3-us-west-2.amazonaws.com/Images/FEMA_CAP/1013/20212/DSC_0505_088f7121-c999-4355-8322-79e3a8e1870a.jpg
11519,f0c40514ea5d6ae5fbcd9a5bbc949efaba1f9953,2017-09-08 15:42:16,18.4775533333333,-66.69199,393.0,6303056.0,6000.0,4000.0,s3://ladi/Images/FEMA_CAP/9074/613600/DSC_1364_ea22cb70-708c-459f-807d-81aa2d042dd4.jpg,https://ladi.s3-us-west-2.amazonaws.com/Images/FEMA_CAP/9074/613600/DSC_1364_ea22cb70-708c-459f-807d-81aa2d042dd4.jpg
15258,9fb63bca97da3e18a47d9dd8fa0d0e802507b1ff,2017-10-04 16:41:52,18.2846483333333,-65.631105,444.0,6089253.0,4496.0,3000.0,s3://ladi/Images/FEMA_CAP/9075/614045/A0085_AP_4e7a9a56-2844-494b-ab57-203be28ce890.jpg,https://ladi.s3-us-west-2.amazonaws.com/Images/FEMA_CAP/9075/614045/A0085_AP_4e7a9a56-2844-494b-ab57-203be28ce890.jpg
18631,f2ac0c9d540b7ef60dd482697216b5d996e68ca3,2017-09-10 14:18:59,29.964309999999998,-95.58923,455.0,11931451.0,6000.0,4000.0,s3://ladi/Images/FEMA_CAP/9073/613823/DSC_2066_2bded156-d573-499e-8cec-cf38e29f3f27.jpg,https://ladi.s3-us-west-2.amazonaws.com/Images/FEMA_CAP/9073/613823/DSC_2066_2bded156-d573-499e-8cec-cf38e29f3f27.jpg
18895,c7fd2767979c988783d38e8fa729ac84a959eb3f,2017-10-04 17:10:23,18.208865,-65.66968,667.0,6602639.0,4496.0,3000.0,s3://ladi/Images/FEMA_CAP/9075/614045/A0085_AP_7cec9e59-264f-4ac3-8672-840016633b2b.jpg,https://ladi.s3-us-west-2.amazonaws.com/Images/FEMA_CAP/9075/614045/A0085_AP_7cec9e59-264f-4ac3-8672-840016633b2b.jpg
19407,046ae0d43f7d4c4768b6faa55330a273dd25541f,2017-09-08 18:34:42,30.002985,-93.9420733333333,317.0,13441561.0,6000.0,4000.0,s3://ladi/Images/FEMA_CAP/9073/613904/CAP_1320_1e567b2f-ec4e-4ac7-98e5-3b09518121f1.jpg,https://ladi.s3-us-west-2.amazonaws.com/Images/FEMA_CAP/9073/613904/CAP_1320_1e567b2f-ec4e-4ac7-98e5-3b09518121f1.jpg
19778,daa9b246afc8c4db5b3ddcc7c107f6da4191a45f,2017-09-26 13:04:29,18.233165,-65.5924883333333,348.0,8356343.0,4496.0,3000.0,s3://ladi/Images/FEMA_CAP/9075/614001/A0027-96_fb142e1e-f475-4d91-b42e-921cd697066c.jpg,https://ladi.s3-us-west-2.amazonaws.com/Images/FEMA_CAP/9075/614001/A0027-96_fb142e1e-f475-4d91-b42e-921cd697066c.jpg
20854,d31ccca7d938b63fcf8b043a1c877641464eaa48,2017-09-08 12:25:51,29.533591666666698,-95.481505,422.0,15628356.0,6000.0,4000.0,s3://ladi/Images/FEMA_CAP/9073/613897/DSC_5300_2e21b4a1-a169-40a5-9f8f-24f373ce5405.jpg,https://ladi.s3-us-west-2.amazonaws.com/Images/FEMA_CAP/9073/613897/DSC_5300_2e21b4a1-a169-40a5-9f8f-24f373ce5405.jpg
21870,a0d829ad827327bfaaf89297d7015876d879fa48,2017-09-08 12:37:21,29.670821666666697,-95.4766933333333,369.0,15312294.0,6000.0,4000.0,s3://ladi/Images/FEMA_CAP/9073/613897/DSC_5390_6487935f-c98a-49c4-8afe-ae29127b6977.jpg,https://ladi.s3-us-west-2.amazonaws.com/Images/FEMA_CAP/9073/613897/DSC_5390_6487935f-c98a-49c4-8afe-ae29127b6977.jpg
26953,36a8a2197e7fd2b48a1ad1c29ea6a95f6d3ffd0f,2017-10-04 16:43:22,18.3261583333333,-65.6322316666667,417.0,7956830.0,4496.0,3000.0,s3://ladi/Images/FEMA_CAP/9075/614045/A0085_AP_efad9e67-9a14-459a-a85f-a3143dda385f.jpg,https://ladi.s3-us-west-2.amazonaws.com/Images/FEMA_CAP/9075/614045/A0085_AP_efad9e67-9a14-459a-a85f-a3143dda385f.jpg
28039,b04951f4fcf73663eb4b6237e43318e92701c5a5,2017-09-02 16:04:54,29.686345000000003,-96.0683816666667,384.0,9250938.0,6000.0,4000.0,s3://ladi/Images/FEMA_CAP/9073/613560/DSC_0285_2e696514-06d2-43f6-9473-ca7361b98e80.jpg,https://ladi.s3-us-west-2.amazonaws.com/Images/FEMA_CAP/9073/613560/DSC_0285_2e696514-06d2-43f6-9473-ca7361b98e80.jpg
30032,1c6a69ea908f43d41bc52c46b591a45ec323a8f8,2017-09-18 13:31:02,27.98309,-82.15565500000001,311.0,11581799.0,6000.0,4000.0,s3://ladi/Images/FEMA_CAP/9074/613834/DSC_3719_3203666d-c401-487d-8591-755bf3a0e6a5.jpg,https://ladi.s3-us-west-2.amazonaws.com/Images/FEMA_CAP/9074/613834/DSC_3719_3203666d-c401-487d-8591-755bf3a0e6a5.jpg
31664,ab0d242744c46213bce7000ceb185d5992034406,2017-09-10 12:45:29,30.17747,-93.79021166666669,488.0,13951415.0,6000.0,4000.0,s3://ladi/Images/FEMA_CAP/9073/613808/DSC_0161ab0018dd-739c-43fa-8205-770895f5473f.jpg,https://ladi.s3-us-west-2.amazonaws.com/Images/FEMA_CAP/9073/613808/DSC_0161ab0018dd-739c-43fa-8205-770895f5473f.jpg
32756,55d8d0ddb62d9872962be5fb4740c7d17716a693,2016-08-14 11:56:43,30.41527,-91.0318533333333,399.0,12904462.0,6000.0,4000.0,s3://ladi/Images/FEMA_CAP/3033/231165/010_2796_2ff1f442-2f7a-47e3-a0b1-9ff1ced05bff.jpg,https://ladi.s3-us-west-2.amazonaws.com/Images/FEMA_CAP/3033/231165/010_2796_2ff1f442-2f7a-47e3-a0b1-9ff1ced05bff.jpg
38947,083b113c70dbd422ba4874763e5778297c822bfd,2017-09-08 19:35:14,27.925795,-97.1493883333333,295.0,11771881.0,6000.0,4000.0,s3://ladi/Images/FEMA_CAP/9073/613926/DSC_2961.JPG,https://ladi.s3-us-west-2.amazonaws.com/Images/FEMA_CAP/9073/613926/DSC_2961.JPG
40019,71b95c6667f42030091c46f699c52988666c6335,2017-09-08 18:53:24,30.3889266666667,-94.0986,342.0,14826378.0,6000.0,4000.0,s3://ladi/Images/FEMA_CAP/9073/613904/CAP_1862_a60706d3-8557-4e13-8a21-f6d2b7dc43b4.jpg,https://ladi.s3-us-west-2.amazonaws.com/Images/FEMA_CAP/9073/613904/CAP_1862_a60706d3-8557-4e13-8a21-f6d2b7dc43b4.jpg
41565,573c5877a4f61999c39a7ea15c8f33abf53a371e,2017-10-19 13:46:41,18.240585,-66.5667183333333,1346.0,6143201.0,3600.0,2400.0,s3://ladi/Images/FEMA_CAP/9075/614147/A0032_AP_b8b491f2-631c-4057-8b55-a8ba101e81dc.jpg,https://ladi.s3-us-west-2.amazonaws.com/Images/FEMA_CAP/9075/614147/A0032_AP_b8b491f2-631c-4057-8b55-a8ba101e81dc.jpg
46493,0e507763aa85eb86472f2fc6aee62039ec89931c,2017-09-26 14:26:39,18.209038888888898,-65.7344888888889,490.0,3481564.0,4608.0,3456.0,s3://ladi/Images/FEMA_CAP/9075/614003/A0027V01_26cb625d-a29a-4912-9625-765584d40390.jpg,https://ladi.s3-us-west-2.amazonaws.com/Images/FEMA_CAP/9075/614003/A0027V01_26cb625d-a29a-4912-9625-765584d40390.jpg
48102,b9ebd04ad8ceeef360180dab6aa37ee08a552523,2017-09-18 15:03:29,25.9359583333333,-80.2736,305.0,11642477.0,6000.0,4000.0,s3://ladi/Images/FEMA_CAP/9074/613848/DSC_0094_4da75526-5baf-4603-bff0-4877cf9a32ab.jpg,https://ladi.s3-us-west-2.amazonaws.com/Images/FEMA_CAP/9074/613848/DSC_0094_4da75526-5baf-4603-bff0-4877cf9a32ab.jpg
52589,b24e2e5eab9fafa5c60994da7c5a46720fccb5cd,2017-09-01 20:46:25,30.15755,-93.709085,413.0,10051603.0,6000.0,4000.0,s3://ladi/Images/FEMA_CAP/9073/613547/DSC_0127_d44bdd8c-d30c-495b-8e25-3757b91b1ed2.jpg,https://ladi.s3-us-west-2.amazonaws.com/Images/FEMA_CAP/9073/613547/DSC_0127_d44bdd8c-d30c-495b-8e25-3757b91b1ed2.jpg
53698,4277864563bd94fa97af97d5727c0ea01c57e725,2017-09-08 10:39:36,29.963856666666697,-95.6852083333333,333.0,9551185.0,6000.0,4000.0,s3://ladi/Images/FEMA_CAP/9073/613898/DSC_4653_1a1d870a-2a9b-4f8c-af79-0134e88487dc.jpg,https://ladi.s3-us-west-2.amazonaws.com/Images/FEMA_CAP/9073/613898/DSC_4653_1a1d870a-2a9b-4f8c-af79-0134e88487dc.jpg
54746,ad01ce963386948ea7714469f29494e2fa0c146d,2017-09-26 11:48:52,17.9647733333333,-66.29464166666669,889.0,3940134.0,3216.0,2136.0,s3://ladi/Images/FEMA_CAP/9075/614004/A0019058_7a121c85-9e94-4ddd-b2d5-dacba63ec09d.jpg,https://ladi.s3-us-west-2.amazonaws.com/Images/FEMA_CAP/9075/614004/A0019058_7a121c85-9e94-4ddd-b2d5-dacba63ec09d.jpg
56582,473b552c195e20ff48123cbbd66475329afc00bd,2017-09-08 10:36:00,29.2474766666667,-95.836,299.0,17868498.0,6000.0,4000.0,s3://ladi/Images/FEMA_CAP/9073/613885/DSC_7615_043036fd-8989-486b-982b-cab74de4de0e.jpg,https://ladi.s3-us-west-2.amazonaws.com/Images/FEMA_CAP/9073/613885/DSC_7615_043036fd-8989-486b-982b-cab74de4de0e.jpg
61525,bd2b06789d9b37d9982c42dce80e394c7587f962,2017-08-31 18:21:51,27.873028333333302,-97.25746,605.0,11337146.0,6000.0,4000.0,s3://ladi/Images/FEMA_CAP/9073/613574/A67_0650_e710c83e-563d-4eb2-b3f1-07af0b728bab.jpg,https://ladi.s3-us-west-2.amazonaws.com/Images/FEMA_CAP/9073/613574/A67_0650_e710c83e-563d-4eb2-b3f1-07af0b728bab.jpg
61833,91fa198ada5780b8b300caeacb3d27cdac8bdc65,2017-09-28 13:44:12,18.40382,-65.7738883333333,187.0,6057554.0,4496.0,3000.0,s3://ladi/Images/FEMA_CAP/9075/614009/A0052AP-_d5036227-e6ec-4ce5-bbb3-11552c36f7db.jpg,https://ladi.s3-us-west-2.amazonaws.com/Images/FEMA_CAP/9075/614009/A0052AP-_d5036227-e6ec-4ce5-bbb3-11552c36f7db.jpg
62488,3298be702b5b766fe0734cbe6aa72e94eb692e4e,2016-09-04 10:35:01,27.223035,-82.52981,250.0,5656625.0,4928.0,3264.0,s3://ladi/Images/FEMA_CAP/3041/241283/DSC_9419_e8b37ded-7ece-4f1d-aa91-26594c5a7fe4.jpg,https://ladi.s3-us-west-2.amazonaws.com/Images/FEMA_CAP/3041/241283/DSC_9419_e8b37ded-7ece-4f1d-aa91-26594c5a7fe4.jpg
62883,0693445fe3bd7ddb84db6a0046bc611fd3aaa39f,2017-09-28 15:02:28,18.347946666666697,-66.4705433333333,613.0,7517855.0,4496.0,3000.0,s3://ladi/Images/FEMA_CAP/9075/614010/A0029AP-_912ccead-9a8b-4e50-a4bc-a39783c4bf1b.jpg,https://ladi.s3-us-west-2.amazonaws.com/Images/FEMA_CAP/9075/614010/A0029AP-_912ccead-9a8b-4e50-a4bc-a39783c4bf1b.jpg
62897,a2d64cf4ca149161766e4d90ee30e8b746e47249,2016-09-04 10:36:26,27.190086666666698,-82.5129983333333,280.0,5653791.0,4928.0,3264.0,s3://ladi/Images/FEMA_CAP/3041/241283/DSC_9434_845ac8ab-cbbf-4357-82dc-0b77cf85b26c.jpg,https://ladi.s3-us-west-2.amazonaws.com/Images/FEMA_CAP/3041/241283/DSC_9434_845ac8ab-cbbf-4357-82dc-0b77cf85b26c.jpg
71411,d8ac00a5e95904c2e19a0ae4776b7aa2d3d9d6ff,2017-09-08 19:39:00,30.411161666666697,-94.1265783333333,322.0,14753996.0,6000.0,4000.0,s3://ladi/Images/FEMA_CAP/9073/613904/CAP_2866_f876557f-de7e-48ed-a9a3-8e06cdc738b8.jpg,https://ladi.s3-us-west-2.amazonaws.com/Images/FEMA_CAP/9073/613904/CAP_2866_f876557f-de7e-48ed-a9a3-8e06cdc738b8.jpg
80573,12e3a4b5158b6b364a74a3ba3a57019fac083efb,2017-09-28 15:03:06,18.4108433333333,-66.5560966666667,424.0,6529141.0,4496.0,3000.0,s3://ladi/Images/FEMA_CAP/9075/614011/A0008AP-_78062636-1595-4d2e-81c0-9ec593ccc96b.jpg,https://ladi.s3-us-west-2.amazonaws.com/Images/FEMA_CAP/9075/614011/A0008AP-_78062636-1595-4d2e-81c0-9ec593ccc96b.jpg
83194,696b16e455bfcb3177a88c2582bd305d40923996,2017-10-11 13:36:11,18.3822816666667,-66.1962633333333,356.0,7672540.0,4496.0,3000.0,s3://ladi/Images/FEMA_CAP/9075/614079/A0022_AP_a142b735-980d-45ef-9e87-46cb344edffb.jpg,https://ladi.s3-us-west-2.amazonaws.com/Images/FEMA_CAP/9075/614079/A0022_AP_a142b735-980d-45ef-9e87-46cb344edffb.jpg
87190,dd80cfb45583a2c3e0d2ffd386b3d408b056b6cf,2017-09-01 21:08:35,29.735265000000002,-95.0322516666667,369.0,10668386.0,6000.0,4000.0,s3://ladi/Images/FEMA_CAP/9073/613548/DSC_0777_0e1addfd-f059-4114-866c-1402729da135.jpg,https://ladi.s3-us-west-2.amazonaws.com/Images/FEMA_CAP/9073/613548/DSC_0777_0e1addfd-f059-4114-866c-1402729da135.jpg
90935,99c3689a3ab0d0c3de0500c4f277886dbc3c69e1,2017-10-11 12:48:39,18.43344,-66.2494383333333,364.0,7201833.0,4496.0,3000.0,s3://ladi/Images/FEMA_CAP/9075/614079/A0022_AP_e956490e-e989-4274-b02c-fdd0f5e8c075.jpg,https://ladi.s3-us-west-2.amazonaws.com/Images/FEMA_CAP/9075/614079/A0022_AP_e956490e-e989-4274-b02c-fdd0f5e8c075.jpg
92710,6fcbc2c690b82f22bbb85fd0f57f9d8bde9fc2e3,2017-09-08 20:15:45,28.049563333333303,-97.0380383333333,298.0,11955494.0,6000.0,4000.0,s3://ladi/Images/FEMA_CAP/9073/613926/DSC_3787.JPG,https://ladi.s3-us-west-2.amazonaws.com/Images/FEMA_CAP/9073/613926/DSC_3787.JPG
93349,2eaadf57a3a2b161f053926d059eedebbef04545,2018-09-19 15:21:40,33.5853333333333,-79.4331666666667,303.0,4511109.0,3872.0,2592.0,s3://ladi/Images/FEMA_CAP/9096/615047/DSC_0095_6b13a111-a9fd-4b38-9ba9-f75d4fbb583b.jpg,https://ladi.s3-us-west-2.amazonaws.com/Images/FEMA_CAP/9096/615047/DSC_0095_6b13a111-a9fd-4b38-9ba9-f75d4fbb583b.jpg
95491,233674f7dc68cbb721981514ece237f27cde4afc,2017-09-08 20:17:09,28.0781616666667,-97.0177633333333,289.0,9563320.0,6000.0,4000.0,s3://ladi/Images/FEMA_CAP/9073/613926/DSC_3833.JPG,https://ladi.s3-us-west-2.amazonaws.com/Images/FEMA_CAP/9073/613926/DSC_3833.JPG
98442,490f41497018216f4efe9d5e71df5c9ada7da95c,2017-09-01 17:04:19,29.8453466666667,-94.07915,435.0,7235506.0,6000.0,4000.0,s3://ladi/Images/FEMA_CAP/9073/613577/DSC_0879_1c5ccf6f-cd6d-43c3-ba02-7b3e7adcc79e.jpg,https://ladi.s3-us-west-2.amazonaws.com/Images/FEMA_CAP/9073/613577/DSC_0879_1c5ccf6f-cd6d-43c3-ba02-7b3e7adcc79e.jpg
98786,bb211edc293c313700d36b32821e9c6550fd3614,2017-09-08 09:17:38,30.088118333333302,-94.1819533333333,308.0,12917699.0,6000.0,4000.0,s3://ladi/Images/FEMA_CAP/9073/613886/DSC_1090_a79d5824-ad20-4be1-9b57-96cbcec74232.jpg,https://ladi.s3-us-west-2.amazonaws.com/Images/FEMA_CAP/9073/613886/DSC_1090_a79d5824-ad20-4be1-9b57-96cbcec74232.jpg
100295,b765487e965574c8a00d152b7ac72df14b9703c5,2017-09-01 17:09:00,29.840571666666698,-93.9302833333333,322.0,7351318.0,6000.0,4000.0,s3://ladi/Images/FEMA_CAP/9073/613577/DSC_0972_06787ce9-5d86-4130-b807-506805f2a17c.jpg,https://ladi.s3-us-west-2.amazonaws.com/Images/FEMA_CAP/9073/613577/DSC_0972_06787ce9-5d86-4130-b807-506805f2a17c.jpg
103933,c9933930253ab784acb64fd67a87e70293d4ffc1,2017-09-01 21:28:26,29.828516666666697,-95.0946866666667,396.0,9438650.0,6000.0,4000.0,s3://ladi/Images/FEMA_CAP/9073/613548/DSC_1529_29369c1e-3601-4a1f-82b8-6da1c031016c.jpg,https://ladi.s3-us-west-2.amazonaws.com/Images/FEMA_CAP/9073/613548/DSC_1529_29369c1e-3601-4a1f-82b8-6da1c031016c.jpg
105385,82863f35082a9831bebbfae5016e20b4467ec7cc,2016-10-10 15:54:22,31.1157466666667,-81.6510433333333,466.0,6960703.0,6000.0,4000.0,s3://ladi/Images/FEMA_CAP/3045/291551/DSC_3661_fdf99cf1-7ff6-4d60-91f6-73d6e66b39bb.jpg,https://ladi.s3-us-west-2.amazonaws.com/Images/FEMA_CAP/3045/291551/DSC_3661_fdf99cf1-7ff6-4d60-91f6-73d6e66b39bb.jpg
105544,900a71a23df07f9f06e88248c14ca308444d84bd,2017-09-08 14:13:27,30.1330316666667,-93.98153,451.0,14768933.0,6000.0,4000.0,s3://ladi/Images/FEMA_CAP/9073/613899/DSC_3664_31153b41-d633-40b7-ade0-d0a0c52429ae.jpg,https://ladi.s3-us-west-2.amazonaws.com/Images/FEMA_CAP/9073/613899/DSC_3664_31153b41-d633-40b7-ade0-d0a0c52429ae.jpg
107384,ad3bf41821264097c6de5e6fba47e103cdeb0f84,2017-09-10 12:21:44,30.223966666666698,-93.95595166666669,452.0,12737612.0,6000.0,4000.0,s3://ladi/Images/FEMA_CAP/9073/613808/DSC_967845c5d780-737f-4193-91ad-43adc2ac3def.jpg,https://ladi.s3-us-west-2.amazonaws.com/Images/FEMA_CAP/9073/613808/DSC_967845c5d780-737f-4193-91ad-43adc2ac3def.jpg
111682,30cc3fe1df707bc4e595d706fd0b2e1723163553,2017-09-01 21:38:58,29.952018333333303,-95.1572216666667,337.0,9591069.0,6000.0,4000.0,s3://ladi/Images/FEMA_CAP/9073/613548/DSC_1870_d9a8543d-9085-40eb-9127-1f76eed647db.jpg,https://ladi.s3-us-west-2.amazonaws.com/Images/FEMA_CAP/9073/613548/DSC_1870_d9a8543d-9085-40eb-9127-1f76eed647db.jpg
112757,8d7a174079dca527c88eafa543ede1e583a47e62,2017-10-07 12:18:30,18.413591666666697,-66.4209066666667,384.0,7655783.0,4496.0,3000.0,s3://ladi/Images/FEMA_CAP/9075/614056/A0113_AP_61abb244-e23b-4a95-88c6-bd51ff489f70.jpg,https://ladi.s3-us-west-2.amazonaws.com/Images/FEMA_CAP/9075/614056/A0113_AP_61abb244-e23b-4a95-88c6-bd51ff489f70.jpg
113050,1da07daac4edd20b55b92064ec927b9d43d2a80f,2017-09-08 14:21:55,30.1455083333333,-93.96878833333331,326.0,13576152.0,6000.0,4000.0,s3://ladi/Images/FEMA_CAP/9073/613899/DSC_3902_bceb75f1-2e87-4a66-a8ad-effab683b9d4.jpg,https://ladi.s3-us-west-2.amazonaws.com/Images/FEMA_CAP/9073/613899/DSC_3902_bceb75f1-2e87-4a66-a8ad-effab683b9d4.jpg
113287,61cde978734bfe4f870fc0bfb261a2627419f35d,2017-09-08 09:57:27,30.09811,-94.14229,346.0,15818146.0,6000.0,4000.0,s3://ladi/Images/FEMA_CAP/9073/613886/DSC_1653_76c77fb7-b372-49f1-95bd-d8087152d685.jpg,https://ladi.s3-us-west-2.amazonaws.com/Images/FEMA_CAP/9073/613886/DSC_1653_76c77fb7-b372-49f1-95bd-d8087152d685.jpg
118517,bfbabdc3876790cb434accf24649b435546b92ad,2017-09-05 16:32:19,29.887225,-95.713815,326.0,6715944.0,6000.0,4000.0,s3://ladi/Images/FEMA_CAP/9073/613937/DSC_0696_4eda0c0b-be00-4ee0-b842-8da9c12f1533.jpg,https://ladi.s3-us-west-2.amazonaws.com/Images/FEMA_CAP/9073/613937/DSC_0696_4eda0c0b-be00-4ee0-b842-8da9c12f1533.jpg
123324,7cf7badf03665875ffe72cddaec210a7ab9a6b7e,2017-09-05 14:55:33,30.0258283333333,-95.3768333333333,539.0,13932218.0,6000.0,4000.0,s3://ladi/Images/FEMA_CAP/9073/613938/DSC_0432_74dc83ab-69f8-496d-8a67-fbce01548e89.jpg,https://ladi.s3-us-west-2.amazonaws.com/Images/FEMA_CAP/9073/613938/DSC_0432_74dc83ab-69f8-496d-8a67-fbce01548e89.jpg
126181,1ef9a9437f45962afdf34506a22d097ba5484ca7,2017-10-11 09:19:07,17.97247,-67.19664,355.0,8734156.0,4496.0,3000.0,s3://ladi/Images/FEMA_CAP/9075/614080/A001_AP__dcdc1916-386b-42a8-9f8b-db5c1aa03c7b.jpg,https://ladi.s3-us-west-2.amazonaws.com/Images/FEMA_CAP/9075/614080/A001_AP__dcdc1916-386b-42a8-9f8b-db5c1aa03c7b.jpg
127076,37d26e3a82b1b164acaffc94ea6f8c4ff8db2ea2,2017-09-08 16:24:40,27.6816283333333,-97.1649483333333,294.0,12304114.0,6000.0,4000.0,s3://ladi/Images/FEMA_CAP/9073/613927/DSC_0499_4485ea69-264a-40bd-b994-cbd710ae1e28.jpg,https://ladi.s3-us-west-2.amazonaws.com/Images/FEMA_CAP/9073/613927/DSC_0499_4485ea69-264a-40bd-b994-cbd710ae1e28.jpg
137992,45a3ad80575f45c19ea7ceb9a4e35efab6f0cfd6,2017-09-08 17:17:44,27.765268333333303,-97.1406216666667,677.0,9863711.0,6000.0,4000.0,s3://ladi/Images/FEMA_CAP/9073/613927/DSC_1279_14951b4a-f9ef-4e62-8d7f-9b72c0abe5d7.jpg,https://ladi.s3-us-west-2.amazonaws.com/Images/FEMA_CAP/9073/613927/DSC_1279_14951b4a-f9ef-4e62-8d7f-9b72c0abe5d7.jpg
140902,3f21b39473a02d7484c4b40cbd9b7e7b93b7826d,2017-10-11 09:43:08,18.38391,-66.96965,623.0,7436478.0,4496.0,3000.0,s3://ladi/Images/FEMA_CAP/9075/614082/A0019_AP_75d9959e-4145-4bcb-8bf3-5c66eac9ccbf.jpg,https://ladi.s3-us-west-2.amazonaws.com/Images/FEMA_CAP/9075/614082/A0019_AP_75d9959e-4145-4bcb-8bf3-5c66eac9ccbf.jpg
145972,7ce552b51a9751c72cc279b1bbe57200f3f5f068,2017-09-14 16:50:26,27.186295,-82.281775,281.0,4448973.0,3696.0,2448.0,s3://ladi/Images/FEMA_CAP/9074/613732/DSC_0893_dda820bc-bb09-40d9-995b-58a47b671a04.jpg,https://ladi.s3-us-west-2.amazonaws.com/Images/FEMA_CAP/9074/613732/DSC_0893_dda820bc-bb09-40d9-995b-58a47b671a04.jpg
148064,c1739cdba07a87076d3df3499b1bdf83b391aea1,2017-10-11 16:53:52,17.99385,-66.0174716666667,327.0,7980451.0,4496.0,3000.0,s3://ladi/Images/FEMA_CAP/9075/614086/A0021_AP_c9a7227a-2107-4253-9665-93a80dccfb21.jpg,https://ladi.s3-us-west-2.amazonaws.com/Images/FEMA_CAP/9075/614086/A0021_AP_c9a7227a-2107-4253-9665-93a80dccfb21.jpg
155924,d25fed2bdd8e65f9ffac35551ed3a9e1ddf83c1a,2017-10-08 11:32:07,18.48835,-66.96988,783.0,9915268.0,4496.0,3000.0,s3://ladi/Images/FEMA_CAP/9075/614063/A0086_AP_44949b3b-00b6-45b1-835a-57ade13361e5.jpg,https://ladi.s3-us-west-2.amazonaws.com/Images/FEMA_CAP/9075/614063/A0086_AP_44949b3b-00b6-45b1-835a-57ade13361e5.jpg
156069,0a5aaded3b814c48012c98bf4b446ee20b86457a,2017-09-08 19:53:41,27.762458333333303,-97.10763,298.0,11626374.0,6000.0,4000.0,s3://ladi/Images/FEMA_CAP/9073/613928/DSC_1461_84ea46a3-324a-487b-80c4-96105bd835f1.jpg,https://ladi.s3-us-west-2.amazonaws.com/Images/FEMA_CAP/9073/613928/DSC_1461_84ea46a3-324a-487b-80c4-96105bd835f1.jpg
156247,85a52b65eb797eb419072e0becf59c53417f7357,2016-10-09 13:43:12,28.1832616666667,-80.60861,473.0,8892696.0,4928.0,3264.0,s3://ladi/Images/FEMA_CAP/3042/291499/DSC_0320_67577de9-0ff0-412a-90c7-50de1f6d3664.jpg,https://ladi.s3-us-west-2.amazonaws.com/Images/FEMA_CAP/3042/291499/DSC_0320_67577de9-0ff0-412a-90c7-50de1f6d3664.jpg
162616,ed56cde7fcfd3578c3ee98f008249ecee9777243,2017-10-09 11:32:26,18.3685333333333,-65.83013333333331,459.0,7703020.0,4496.0,3000.0,s3://ladi/Images/FEMA_CAP/9075/614064/A0008_AP_f34f7423-d1d8-4035-9e46-9b5335554a8e.jpg,https://ladi.s3-us-west-2.amazonaws.com/Images/FEMA_CAP/9075/614064/A0008_AP_f34f7423-d1d8-4035-9e46-9b5335554a8e.jpg
163311,41ad783d2bbf59222b6ac7320b4be08cf9562409,2017-09-10 09:38:42,29.539723333333303,-95.7266266666667,294.0,12901220.0,6000.0,4000.0,s3://ladi/Images/FEMA_CAP/9073/613823/DSC_7406_9f3261d9-e22c-4bc0-8ab7-d8f9314762a1.jpg,https://ladi.s3-us-west-2.amazonaws.com/Images/FEMA_CAP/9073/613823/DSC_7406_9f3261d9-e22c-4bc0-8ab7-d8f9314762a1.jpg
164629,df8b7181e14ffcfb7cfc888235a2ac4157eb0af8,2017-09-08 20:32:21,27.8312633333333,-97.0392766666667,316.0,10816460.0,6000.0,4000.0,s3://ladi/Images/FEMA_CAP/9073/613928/DSC_2390_ba2fd972-c27c-460e-9189-a7293542e224.jpg,https://ladi.s3-us-west-2.amazonaws.com/Images/FEMA_CAP/9073/613928/DSC_2390_ba2fd972-c27c-460e-9189-a7293542e224.jpg
167747,c600638f2fc06273c0bb3074722be7d7e504d9d6,2017-09-05 15:30:13,30.3158316666667,-93.7400183333333,309.0,5006394.0,4496.0,3000.0,s3://ladi/Images/FEMA_CAP/9073/613931/010_0387_1f9ea4d4-b156-44c3-977a-0827959b2717.jpg,https://ladi.s3-us-west-2.amazonaws.com/Images/FEMA_CAP/9073/613931/010_0387_1f9ea4d4-b156-44c3-977a-0827959b2717.jpg
168422,01714d2da5dcb2f5576bc642c31ddae9546fa501,2016-10-09 14:56:50,28.456465,-80.7471883333333,1821.0,7344056.0,4288.0,2848.0,s3://ladi/Images/FEMA_CAP/3042/291501/DSC_0145_3cad623e-cff6-4b0b-9a6c-eb9bfb7468a2.jpg,https://ladi.s3-us-west-2.amazonaws.com/Images/FEMA_CAP/3042/291501/DSC_0145_3cad623e-cff6-4b0b-9a6c-eb9bfb7468a2.jpg
168988,5ddf93f202a1d35a981af42e546a5677d250516e,2017-09-08 14:24:13,30.200145000000003,-94.0579766666667,327.0,15703789.0,6000.0,4000.0,s3://ladi/Images/FEMA_CAP/9073/613887/DSC_3101_c8c8c151-78f7-4067-9e15-7ba9596861f4.jpg,https://ladi.s3-us-west-2.amazonaws.com/Images/FEMA_CAP/9073/613887/DSC_3101_c8c8c151-78f7-4067-9e15-7ba9596861f4.jpg
172555,c1de9a26db43b80e245d8a27b1c05bd695654578,2018-09-27 15:51:32,33.4606277777778,-79.1505416666667,687.0,3497266.0,4608.0,3456.0,s3://ladi/Images/FEMA_CAP/9096/615123/ChrisPet_856a3eb5-f5d7-4846-92dc-1912eb7f48f9.jpg,https://ladi.s3-us-west-2.amazonaws.com/Images/FEMA_CAP/9096/615123/ChrisPet_856a3eb5-f5d7-4846-92dc-1912eb7f48f9.jpg
172916,e9328f3885543bdc7784924bfab94cc0dc21b5fb,2018-09-27 15:56:23,33.3637694444444,-79.2564527777778,688.0,3471346.0,4608.0,3456.0,s3://ladi/Images/FEMA_CAP/9096/615123/ChrisPet_a0b04fe3-48d5-4591-8165-51a5d0623b55.jpg,https://ladi.s3-us-west-2.amazonaws.com/Images/FEMA_CAP/9096/615123/ChrisPet_a0b04fe3-48d5-4591-8165-51a5d0623b55.jpg
173503,f0b7e1f1a571ccee87263c84555e23916452c6c2,2016-10-09 15:34:15,28.327933333333302,-80.676295,457.0,7226590.0,4288.0,2848.0,s3://ladi/Images/FEMA_CAP/3042/291501/DSC_0535_86f75144-5ea1-4735-9a32-72012306e0ff.jpg,https://ladi.s3-us-west-2.amazonaws.com/Images/FEMA_CAP/3042/291501/DSC_0535_86f75144-5ea1-4735-9a32-72012306e0ff.jpg
174033,007979ee63e8e0fdac45793fd7836110dc704838,2018-09-28 15:26:53,33.8553683333333,-79.25417,554.0,6295483.0,6000.0,4000.0,s3://ladi/Images/FEMA_CAP/9096/615125/MarkBail_08404347-5f89-4e9f-b7a6-91f123e2c6e3.jpg,https://ladi.s3-us-west-2.amazonaws.com/Images/FEMA_CAP/9096/615125/MarkBail_08404347-5f89-4e9f-b7a6-91f123e2c6e3.jpg
174038,677fd0c7a346e5c531229001ff2b9adbe6d07740,2018-09-28 14:51:53,33.6820283333333,-78.976375,539.0,6236100.0,6000.0,4000.0,s3://ladi/Images/FEMA_CAP/9096/615125/MarkBail_0ca78e04-c06d-4201-ac28-aef170622846.jpg,https://ladi.s3-us-west-2.amazonaws.com/Images/FEMA_CAP/9096/615125/MarkBail_0ca78e04-c06d-4201-ac28-aef170622846.jpg
178884,05a273d9760b5f6668999488e939936e1cf86205,2018-09-28 09:48:00,33.2876416666667,-79.29290555555549,461.0,3444304.0,4608.0,3456.0,s3://ladi/Images/FEMA_CAP/9096/615126/SteveBla_5f3cf3b6-5a38-437f-8e20-87c68d42a863.jpg,https://ladi.s3-us-west-2.amazonaws.com/Images/FEMA_CAP/9096/615126/SteveBla_5f3cf3b6-5a38-437f-8e20-87c68d42a863.jpg
179146,c40cb6f60b4447ef90c9e79cd4b338d7dfe140bc,2018-09-28 10:58:50,33.5541138888889,-79.1526694444445,794.0,3468567.0,4608.0,3456.0,s3://ladi/Images/FEMA_CAP/9096/615126/SteveBla_7110faad-5539-404a-8530-a83262233489.jpg,https://ladi.s3-us-west-2.amazonaws.com/Images/FEMA_CAP/9096/615126/SteveBla_7110faad-5539-404a-8530-a83262233489.jpg
179386,3ec293d773a09f45c7c22b4d6287858f093fa916,2017-09-02 16:42:36,29.610754999999997,-95.77334499999999,351.0,12329175.0,6000.0,4000.0,s3://ladi/Images/FEMA_CAP/9073/613586/DSC_0878_abf4a622-c32e-4a7e-921b-01a56d8a6313.jpg,https://ladi.s3-us-west-2.amazonaws.com/Images/FEMA_CAP/9073/613586/DSC_0878_abf4a622-c32e-4a7e-921b-01a56d8a6313.jpg
180101,238ad739e2b0239c504b4082137abeb45b0e99fb,2018-09-28 10:52:09,33.6456694444444,-79.1440027777778,799.0,3461859.0,4608.0,3456.0,s3://ladi/Images/FEMA_CAP/9096/615126/SteveBla_9798238d-63c3-4e37-8c52-dd7a7ccaf744.jpg,https://ladi.s3-us-west-2.amazonaws.com/Images/FEMA_CAP/9096/615126/SteveBla_9798238d-63c3-4e37-8c52-dd7a7ccaf744.jpg
180303,053ea4216930cac3a96430040075c4cdf97c33f7,2017-09-02 16:45:22,29.575506666666698,-95.7367266666667,379.0,14003753.0,6000.0,4000.0,s3://ladi/Images/FEMA_CAP/9073/613586/DSC_0926_2e65c31e-049e-4f3d-b60e-d3ec9dfef8e6.jpg,https://ladi.s3-us-west-2.amazonaws.com/Images/FEMA_CAP/9073/613586/DSC_0926_2e65c31e-049e-4f3d-b60e-d3ec9dfef8e6.jpg
181113,6d9490cba06c56ff1e32f9a4702c934509247b1b,2017-09-02 16:47:57,29.5702283333333,-95.68213,385.0,10665705.0,6000.0,4000.0,s3://ladi/Images/FEMA_CAP/9073/613586/DSC_0975_bc0cd475-3bf5-4294-8074-f40c45b97a3f.jpg,https://ladi.s3-us-west-2.amazonaws.com/Images/FEMA_CAP/9073/613586/DSC_0975_bc0cd475-3bf5-4294-8074-f40c45b97a3f.jpg
183198,b72c28c97b7e1cc86708722808d1d6a0990b67b2,2018-09-30 15:54:03,33.6796666666667,-79.0105666666667,442.0,7058422.0,4288.0,2848.0,s3://ladi/Images/FEMA_CAP/9096/615127/TimCooli_3d0cd16e-1966-4e3a-b223-26de75e5f2d5.jpg,https://ladi.s3-us-west-2.amazonaws.com/Images/FEMA_CAP/9096/615127/TimCooli_3d0cd16e-1966-4e3a-b223-26de75e5f2d5.jpg
183890,df31de70805486c9f50a665dd8c82982f5e7ac68,2017-09-02 01:32:10,29.806205,-94.9287933333333,614.0,11071380.0,6000.0,4000.0,s3://ladi/Images/FEMA_CAP/9073/613549/DSC_1118_b923402f-47c2-417c-a171-ada0f29c8b28.jpg,https://ladi.s3-us-west-2.amazonaws.com/Images/FEMA_CAP/9073/613549/DSC_1118_b923402f-47c2-417c-a171-ada0f29c8b28.jpg
185619,bd7f907b87532512cd27b019714af2cb698387ea,2018-10-02 10:42:26,33.59305,-79.0119694444444,772.0,3529820.0,4608.0,3456.0,s3://ladi/Images/FEMA_CAP/9096/615129/BrettGro_15005123-033a-43da-a8cc-216b16ded46f.jpg,https://ladi.s3-us-west-2.amazonaws.com/Images/FEMA_CAP/9096/615129/BrettGro_15005123-033a-43da-a8cc-216b16ded46f.jpg
188413,09e7034ea9d2eea2fe24eeb79f1ec6d401b8ae90,2015-10-10 11:31:30,35.224709999999995,-78.12477,514.0,6050416.0,4288.0,2848.0,s3://ladi/Images/FEMA_CAP/3043/291515/DSC_0106_7c6284e4-cf32-4078-b699-0628f4b91db7.jpg,https://ladi.s3-us-west-2.amazonaws.com/Images/FEMA_CAP/3043/291515/DSC_0106_7c6284e4-cf32-4078-b699-0628f4b91db7.jpg
195072,ddfa7deb43edf3f94305a934aec0966087aba1c6,2018-10-03 13:53:33,33.4313944444444,-79.2039388888889,110.0,3510412.0,4608.0,3456.0,s3://ladi/Images/FEMA_CAP/9096/615132/JoeBell-_98524263-6990-4f12-b94f-5e3973d74a85.jpg,https://ladi.s3-us-west-2.amazonaws.com/Images/FEMA_CAP/9096/615132/JoeBell-_98524263-6990-4f12-b94f-5e3973d74a85.jpg
197109,311ce190271fb58713009ee6dc4e801e48f4fe6c,2017-09-05 14:06:21,29.7415216666667,-93.9254233333333,354.0,4378233.0,4496.0,3000.0,s3://ladi/Images/FEMA_CAP/9073/613934/010_9851_fd2fde4a-8312-44e2-ad17-f6bd0e84945c.jpg,https://ladi.s3-us-west-2.amazonaws.com/Images/FEMA_CAP/9073/613934/010_9851_fd2fde4a-8312-44e2-ad17-f6bd0e84945c.jpg
197433,66dc7cfa48e196605c117d74dc9499a2183c19f6,2017-09-09 16:05:14,29.749326666666697,-95.3249983333333,291.0,13566489.0,6000.0,4000.0,s3://ladi/Images/FEMA_CAP/9073/613802/387e6b26-542d-4c32-8359-f53d164bd2e0.jpg,https://ladi.s3-us-west-2.amazonaws.com/Images/FEMA_CAP/9073/613802/387e6b26-542d-4c32-8359-f53d164bd2e0.jpg
205182,bda1ecd3e899c77ca654cae9df1bb38dd4d437d7,2017-09-01 22:32:22,30.306495,-93.955275,360.0,13548993.0,6000.0,4000.0,s3://ladi/Images/FEMA_CAP/9073/613550/DSC_0221_9e23cc88-7d8d-47d8-8522-b909b975ad52.jpg,https://ladi.s3-us-west-2.amazonaws.com/Images/FEMA_CAP/9073/613550/DSC_0221_9e23cc88-7d8d-47d8-8522-b909b975ad52.jpg
211793,035bfe3170751de74d5151dd9d52bae4a36582b7,2017-09-10 10:16:11,30.1635883333333,-94.089985,298.0,13641715.0,6000.0,4000.0,s3://ladi/Images/FEMA_CAP/9073/613805/78f58a3d-3ea8-44a0-ac21-2c092f1d39c5.jpg,https://ladi.s3-us-west-2.amazonaws.com/Images/FEMA_CAP/9073/613805/78f58a3d-3ea8-44a0-ac21-2c092f1d39c5.jpg
211835,437f5ee6201c7a3a8b8cfcf112d71d48217e85cc,2017-09-07 11:20:52,29.039665000000003,-95.15709333333331,291.0,7158406.0,4496.0,3000.0,s3://ladi/Images/FEMA_CAP/9073/613947/DSC_2413_780a664a-809e-4cb0-8866-782052871cdd.jpg,https://ladi.s3-us-west-2.amazonaws.com/Images/FEMA_CAP/9073/613947/DSC_2413_780a664a-809e-4cb0-8866-782052871cdd.jpg
212011,142b1ad70b78021ee28b7f000d044f71a0455ca5,2017-09-10 09:43:38,29.458665000000003,-95.7219633333333,332.0,12555363.0,6000.0,4000.0,s3://ladi/Images/FEMA_CAP/9073/613823/DSC_7547_7687d9d7-eb61-4f2b-af07-24ad2a90888b.jpg,https://ladi.s3-us-west-2.amazonaws.com/Images/FEMA_CAP/9073/613823/DSC_7547_7687d9d7-eb61-4f2b-af07-24ad2a90888b.jpg
213006,7ee3a34c5772ff7e8fa67f5f2890b1b138cf8d26,2017-09-10 10:16:09,30.163590000000003,-94.0910016666667,299.0,13459301.0,6000.0,4000.0,s3://ladi/Images/FEMA_CAP/9073/613805/8fb4272a-27e8-421e-9cad-c218eb16e06d.jpg,https://ladi.s3-us-west-2.amazonaws.com/Images/FEMA_CAP/9073/613805/8fb4272a-27e8-421e-9cad-c218eb16e06d.jpg
213567,6b3d5601e34578964ab9073b486bb0a926d8cb3f,2017-09-10 09:44:16,29.4747866666667,-95.72232,339.0,11353707.0,6000.0,4000.0,s3://ladi/Images/FEMA_CAP/9073/613823/DSC_7566_9ca05252-21f7-4416-9ea4-d70c50e38ec5.jpg,https://ladi.s3-us-west-2.amazonaws.com/Images/FEMA_CAP/9073/613823/DSC_7566_9ca05252-21f7-4416-9ea4-d70c50e38ec5.jpg
215721,5bcee7f61ceec06c5c186a7f451e58f1017a7b3e,2017-09-08 13:57:28,30.1410466666667,-93.7439416666667,345.0,4059485.0,4496.0,3000.0,s3://ladi/Images/FEMA_CAP/9073/613890/DSC_4346_f288fd82-8508-4b81-944d-167bcc054e03.jpg,https://ladi.s3-us-west-2.amazonaws.com/Images/FEMA_CAP/9073/613890/DSC_4346_f288fd82-8508-4b81-944d-167bcc054e03.jpg
224956,e9a5f6adb710ea21343a178645783db9c7949da3,2017-09-10 10:58:06,30.102805,-94.2044433333333,299.0,10210742.0,6000.0,4000.0,s3://ladi/Images/FEMA_CAP/9073/613806/7dc0d3f9-62df-49ea-9711-db329e4e7026.jpg,https://ladi.s3-us-west-2.amazonaws.com/Images/FEMA_CAP/9073/613806/7dc0d3f9-62df-49ea-9711-db329e4e7026.jpg
225214,cecad98b4346f914fb67173cbd3e14d0c0ae4de2,2017-09-07 11:32:29,29.204491666666698,-94.92226,285.0,7874284.0,4496.0,3000.0,s3://ladi/Images/FEMA_CAP/9073/613947/DSC_3053_99d0d2b4-0ba6-4cd1-9a70-57e44f3eab4b.jpg,https://ladi.s3-us-west-2.amazonaws.com/Images/FEMA_CAP/9073/613947/DSC_3053_99d0d2b4-0ba6-4cd1-9a70-57e44f3eab4b.jpg
230898,94f61eb46ec91d3a878a4d49dcc046808da9e2f2,2017-09-07 08:56:15,30.1591316666667,-93.7745966666667,357.0,12719058.0,6000.0,4000.0,s3://ladi/Images/FEMA_CAP/9073/613939/DSC_0174_f5107ba8-1dbe-4207-86f9-187fe1d884fe.jpg,https://ladi.s3-us-west-2.amazonaws.com/Images/FEMA_CAP/9073/613939/DSC_0174_f5107ba8-1dbe-4207-86f9-187fe1d884fe.jpg
232359,dd3b449729bc2700d3c2315ef5037c0ce630b89f,2017-09-07 09:07:37,30.056771666666698,-93.7546516666667,352.0,15229931.0,6000.0,4000.0,s3://ladi/Images/FEMA_CAP/9073/613939/DSC_0332_6afe75f3-adfd-492e-902f-f8504df61f75.jpg,https://ladi.s3-us-west-2.amazonaws.com/Images/FEMA_CAP/9073/613939/DSC_0332_6afe75f3-adfd-492e-902f-f8504df61f75.jpg
236919,e7980af52b93170ae605cbb3a3f45f2ef990f9d7,2017-09-08 08:54:47,29.754946666666697,-95.5977683333333,402.0,4090438.0,4496.0,3000.0,s3://ladi/Images/FEMA_CAP/9073/613900/DSC_4978_8a7c61aa-e701-4dc7-848d-f4a94fe5b31b.jpg,https://ladi.s3-us-west-2.amazonaws.com/Images/FEMA_CAP/9073/613900/DSC_4978_8a7c61aa-e701-4dc7-848d-f4a94fe5b31b.jpg
237082,b8418db08049d4e5b203e01145c6c63aa0476c76,2017-09-08 14:58:13,30.143881666666697,-93.665725,286.0,4010632.0,4496.0,3000.0,s3://ladi/Images/FEMA_CAP/9073/613890/DSC_4712_da474d6b-84ba-48ec-abd3-5ea8c7cd15d4.jpg,https://ladi.s3-us-west-2.amazonaws.com/Images/FEMA_CAP/9073/613890/DSC_4712_da474d6b-84ba-48ec-abd3-5ea8c7cd15d4.jpg
237361,f3f4f2e15ca39524b8818410c289a287b2c654ec,2016-10-10 18:08:08,31.03402,-81.6031166666667,469.0,5693741.0,6000.0,4000.0,s3://ladi/Images/FEMA_CAP/3045/291580/DSC_0342_67f1a78e-10fc-4850-8874-bb0d353c1eaf.jpg,https://ladi.s3-us-west-2.amazonaws.com/Images/FEMA_CAP/3045/291580/DSC_0342_67f1a78e-10fc-4850-8874-bb0d353c1eaf.jpg
237485,abb381df3836602e0806f474562c51ec9020b45d,2017-09-01 21:15:00,30.588585,-93.6778733333333,322.0,9300306.0,6000.0,4000.0,s3://ladi/Images/FEMA_CAP/9073/613547/DSC_1781_cea9e165-6015-4d59-98e2-fa920db1b4d4.jpg,https://ladi.s3-us-west-2.amazonaws.com/Images/FEMA_CAP/9073/613547/DSC_1781_cea9e165-6015-4d59-98e2-fa920db1b4d4.jpg
240372,5ff706b293e063c1e1c83c31e77fe0a3394b6941,2017-10-02 14:51:57,18.133776666666698,-65.439435,385.0,6687090.0,4496.0,3000.0,s3://ladi/Images/FEMA_CAP/9075/614030/A0101_AP_936fb760-8c3d-4571-a7c0-d594236a855a.jpg,https://ladi.s3-us-west-2.amazonaws.com/Images/FEMA_CAP/9075/614030/A0101_AP_936fb760-8c3d-4571-a7c0-d594236a855a.jpg
241433,86f2b12721b4f82b7ced9baf1932d65795bc042a,2016-10-10 11:22:44,30.9326366666667,-81.449595,471.0,6104889.0,6000.0,4000.0,s3://ladi/Images/FEMA_CAP/3045/291582/DSC_2276_317dbfcf-ec61-4a61-a598-0e02d5dbd890.jpg,https://ladi.s3-us-west-2.amazonaws.com/Images/FEMA_CAP/3045/291582/DSC_2276_317dbfcf-ec61-4a61-a598-0e02d5dbd890.jpg
248362,c856131aade115f88375c8a11de2d19fdedfa055,2017-09-07 10:58:57,30.088385,-93.86962333333331,372.0,12338281.0,6000.0,4000.0,s3://ladi/Images/FEMA_CAP/9073/613940/DSC_0848_4c125978-79f0-4413-8161-40963720d501.jpg,https://ladi.s3-us-west-2.amazonaws.com/Images/FEMA_CAP/9073/613940/DSC_0848_4c125978-79f0-4413-8161-40963720d501.jpg
249035,0bdabb14b7b35b99c23f016d3f4542c03bdb1a10,2017-09-07 11:01:09,30.090290000000003,-93.9474866666667,370.0,12821138.0,6000.0,4000.0,s3://ladi/Images/FEMA_CAP/9073/613940/DSC_0914_f1e4b4f0-fe58-4317-97c0-bc51cb61eb06.jpg,https://ladi.s3-us-west-2.amazonaws.com/Images/FEMA_CAP/9073/613940/DSC_0914_f1e4b4f0-fe58-4317-97c0-bc51cb61eb06.jpg
249948,b73bd1456380f12325d0185a4025872e5714e858,2017-10-04 13:52:41,18.3390333333333,-66.0413166666667,596.0,7325354.0,4496.0,3000.0,s3://ladi/Images/FEMA_CAP/9075/614040/A0078_AP_5e58399a-b091-4e8e-a4db-04ac0d673b5a.jpg,https://ladi.s3-us-west-2.amazonaws.com/Images/FEMA_CAP/9075/614040/A0078_AP_5e58399a-b091-4e8e-a4db-04ac0d673b5a.jpg
249956,a8875e728b5e9c46bda540a65852ed5ee61b6e02,2017-10-04 14:35:11,18.255935,-65.9904033333333,721.0,7421232.0,4496.0,3000.0,s3://ladi/Images/FEMA_CAP/9075/614040/A0078_AP_651c1781-87ca-41d6-9e01-9378ea66a898.jpg,https://ladi.s3-us-west-2.amazonaws.com/Images/FEMA_CAP/9075/614040/A0078_AP_651c1781-87ca-41d6-9e01-9378ea66a898.jpg
250017,7e4cd10a6a5e9b5ace506c211c4c31a48c19119d,2017-09-07 11:05:39,30.0816683333333,-93.8938666666667,370.0,13737114.0,6000.0,4000.0,s3://ladi/Images/FEMA_CAP/9073/613940/DSC_1041_8a8ca836-e643-46bb-b9f1-744ef6b2e919.jpg,https://ladi.s3-us-west-2.amazonaws.com/Images/FEMA_CAP/9073/613940/DSC_1041_8a8ca836-e643-46bb-b9f1-744ef6b2e919.jpg
251918,2ea3e958818d7f0d4f418abdabef47b2e19d1e14,2017-09-01 23:10:26,30.24165,-94.0552316666667,368.0,10555728.0,6000.0,4000.0,s3://ladi/Images/FEMA_CAP/9073/613550/DSC_1148_11181e26-6933-4b96-9365-01b95b1a2fe8.jpg,https://ladi.s3-us-west-2.amazonaws.com/Images/FEMA_CAP/9073/613550/DSC_1148_11181e26-6933-4b96-9365-01b95b1a2fe8.jpg
252933,1c2631cb67e5b8283c96bb1baec4bd80f98e8361,2017-09-01 23:10:39,30.2415316666667,-94.0484133333333,364.0,10471738.0,6000.0,4000.0,s3://ladi/Images/FEMA_CAP/9073/613550/DSC_1156_589bcb48-e32f-47cf-9c5d-66e47490ae53.jpg,https://ladi.s3-us-west-2.amazonaws.com/Images/FEMA_CAP/9073/613550/DSC_1156_589bcb48-e32f-47cf-9c5d-66e47490ae53.jpg
254866,e94a9ed406a584c171573a6043a69f5fc87977e6,2017-09-01 21:21:55,30.673418333333302,-93.6288866666667,314.0,8781074.0,6000.0,4000.0,s3://ladi/Images/FEMA_CAP/9073/613547/DSC_2133_8289cc80-f2fa-49ee-bc19-d20a9fb31155.jpg,https://ladi.s3-us-west-2.amazonaws.com/Images/FEMA_CAP/9073/613547/DSC_2133_8289cc80-f2fa-49ee-bc19-d20a9fb31155.jpg
255593,7813b3b0989ec9733f417ccb156b841d9deb0ec3,2017-10-04 11:34:05,17.971729999999997,-66.25944333333331,366.0,7585184.0,4496.0,3000.0,s3://ladi/Images/FEMA_CAP/9075/614042/A0080_AP_4c780c7d-0ee4-450d-9ff7-3f9b0989e45e.jpg,https://ladi.s3-us-west-2.amazonaws.com/Images/FEMA_CAP/9075/614042/A0080_AP_4c780c7d-0ee4-450d-9ff7-3f9b0989e45e.jpg
256758,8c681fc5da51be1d22db2a0de3d0815d75d96b5d,2017-09-07 11:37:46,30.048240000000003,-93.8912266666667,370.0,14707537.0,6000.0,4000.0,s3://ladi/Images/FEMA_CAP/9073/613940/DSC_1918_1e6d885c-7c1c-4a2e-984d-b0cbde8774da.jpg,https://ladi.s3-us-west-2.amazonaws.com/Images/FEMA_CAP/9073/613940/DSC_1918_1e6d885c-7c1c-4a2e-984d-b0cbde8774da.jpg
262230,6b258256177373a5157b377201c767022253cb57,2017-09-20 09:25:12,27.231495000000002,-80.2998483333333,177.0,9680995.0,6000.0,4000.0,s3://ladi/Images/FEMA_CAP/9074/613883/DSC_0774_9788a7cc-50c8-4382-ba0a-24eb5e8f9be8.jpg,https://ladi.s3-us-west-2.amazonaws.com/Images/FEMA_CAP/9074/613883/DSC_0774_9788a7cc-50c8-4382-ba0a-24eb5e8f9be8.jpg
263974,7adf8dc7309cd408d9709b7e92fe42a1c5673cc2,2017-09-07 09:57:14,29.750133333333302,-95.5475266666667,301.0,5826098.0,4496.0,3000.0,s3://ladi/Images/FEMA_CAP/9073/613941/DSC_4502_7ea8481c-dd6a-4364-8cb5-ff8bcc5382ab.jpg,https://ladi.s3-us-west-2.amazonaws.com/Images/FEMA_CAP/9073/613941/DSC_4502_7ea8481c-dd6a-4364-8cb5-ff8bcc5382ab.jpg
264268,802ef43a2f356919d115bc2dae4c23cf68f7d122,2017-09-07 09:58:27,29.739829999999998,-95.5180283333333,274.0,5831977.0,4496.0,3000.0,s3://ladi/Images/FEMA_CAP/9073/613941/DSC_4550_cb025314-b47f-435f-a8d0-555bb9829391.jpg,https://ladi.s3-us-west-2.amazonaws.com/Images/FEMA_CAP/9073/613941/DSC_4550_cb025314-b47f-435f-a8d0-555bb9829391.jpg
265306,3be97f148767083559714d6db0a3924a4b8f756f,2017-10-04 16:04:38,17.97741,-66.3114616666667,399.0,7539045.0,4496.0,3000.0,s3://ladi/Images/FEMA_CAP/9075/614044/A0153_AP_10786cc1-e666-42f2-b4d7-6f69e0ade621.jpg,https://ladi.s3-us-west-2.amazonaws.com/Images/FEMA_CAP/9075/614044/A0153_AP_10786cc1-e666-42f2-b4d7-6f69e0ade621.jpg
266569,7047f573d582e9b44d25fde24374823c4d5477f4,2017-10-04 15:58:06,17.963398333333302,-66.2947066666667,402.0,7301713.0,4496.0,3000.0,s3://ladi/Images/FEMA_CAP/9075/614044/A0153_AP_7e3a37f9-2a07-41fb-84e3-6be0351aead0.jpg,https://ladi.s3-us-west-2.amazonaws.com/Images/FEMA_CAP/9075/614044/A0153_AP_7e3a37f9-2a07-41fb-84e3-6be0351aead0.jpg
267929,e80733fbc218d427786f2449f1f6429dc22b2df4,2017-09-07 10:24:38,28.9807333333333,-95.583095,377.0,4018899.0,2992.0,2000.0,s3://ladi/Images/FEMA_CAP/9073/613942/DSC_2145_fb5001f5-2c56-407c-9ade-e3024ffd2b9f.jpg,https://ladi.s3-us-west-2.amazonaws.com/Images/FEMA_CAP/9073/613942/DSC_2145_fb5001f5-2c56-407c-9ade-e3024ffd2b9f.jpg
274162,67b184e1daf3d908c8ca8c6e221cd2b2963c7a19,2017-09-10 09:20:27,29.7329833333333,-95.04449,280.0,9940558.0,6000.0,4000.0,s3://ladi/Images/FEMA_CAP/9073/613829/DSC_9751_3f701743-f36f-458e-a93e-1422b34870f7.jpg,https://ladi.s3-us-west-2.amazonaws.com/Images/FEMA_CAP/9073/613829/DSC_9751_3f701743-f36f-458e-a93e-1422b34870f7.jpg
276685,d7f936edba648032227416e75855fff2486755d8,2017-09-20 10:43:02,28.564384999999998,-81.5084066666667,376.0,7921734.0,4928.0,3264.0,s3://ladi/Images/FEMA_CAP/9074/613906/DSC_4600_f3041e29-4abf-4b5c-83be-57a83599211f.jpg,https://ladi.s3-us-west-2.amazonaws.com/Images/FEMA_CAP/9074/613906/DSC_4600_f3041e29-4abf-4b5c-83be-57a83599211f.jpg
278402,e2aaf8ae65a707dc15041537f62948eed1cf02fc,2017-09-07 11:50:18,30.011403333333302,-95.1591616666667,308.0,10594100.0,6000.0,4000.0,s3://ladi/Images/FEMA_CAP/9073/613946/DSC_4551_d7875992-f29d-46b5-832e-137c1b58fcb3.jpg,https://ladi.s3-us-west-2.amazonaws.com/Images/FEMA_CAP/9073/613946/DSC_4551_d7875992-f29d-46b5-832e-137c1b58fcb3.jpg
278922,ba48fc85048ed37d134d01e8b338712a286cd4ae,2017-09-07 11:52:08,29.9545066666667,-95.1586816666667,312.0,9596520.0,6000.0,4000.0,s3://ladi/Images/FEMA_CAP/9073/613946/DSC_4648_45233c4d-f448-461f-9fcd-81d699af23ae.jpg,https://ladi.s3-us-west-2.amazonaws.com/Images/FEMA_CAP/9073/613946/DSC_4648_45233c4d-f448-461f-9fcd-81d699af23ae.jpg
282394,bce8baccf65dc31588f6dd5e0c6e45ab7ea4a2cb,2017-09-10 09:27:14,29.794159999999998,-95.0600916666667,287.0,10018711.0,6000.0,4000.0,s3://ladi/Images/FEMA_CAP/9073/613829/DSC_9898_50b7e0af-d441-48a8-a944-5e8b0f85e3e5.jpg,https://ladi.s3-us-west-2.amazonaws.com/Images/FEMA_CAP/9073/613829/DSC_9898_50b7e0af-d441-48a8-a944-5e8b0f85e3e5.jpg
284886,0425472b3926073f5b6c3e6851a6128388301f2a,2017-09-10 13:27:05,29.972534999999997,-95.655535,303.0,10732085.0,6000.0,4000.0,s3://ladi/Images/FEMA_CAP/9073/613823/DSC_0618_e72a4c7c-fbcf-4d3b-b1a8-bbadf7639a00.jpg,https://ladi.s3-us-west-2.amazonaws.com/Images/FEMA_CAP/9073/613823/DSC_0618_e72a4c7c-fbcf-4d3b-b1a8-bbadf7639a00.jpg
287718,0060244c2df7c2b1c14a11fca5d9c3c199cae126,2017-09-07 12:41:11,29.929904999999998,-95.139375,356.0,8951834.0,6000.0,4000.0,s3://ladi/Images/FEMA_CAP/9073/613946/DSC_6580_248ee2d6-c256-40bf-9638-873da7b3ad24.jpg,https://ladi.s3-us-west-2.amazonaws.com/Images/FEMA_CAP/9073/613946/DSC_6580_248ee2d6-c256-40bf-9638-873da7b3ad24.jpg
292618,9b5d50f5e4d65cb01d71562d8105734dfb78da92,2017-09-08 14:11:34,28.8843516666667,-96.0412433333333,302.0,15270147.0,6000.0,4000.0,s3://ladi/Images/FEMA_CAP/9073/613884/DSC_8151_07bdb6a1-87f9-4d91-bd96-a1f3448ec7f8.jpg,https://ladi.s3-us-west-2.amazonaws.com/Images/FEMA_CAP/9073/613884/DSC_8151_07bdb6a1-87f9-4d91-bd96-a1f3448ec7f8.jpg
293784,4a438fd82b47dc65c2552ecc7489944e1cc678f1,2019-07-16 08:47:10,30.4215883333333,-90.5292483333333,296.0,6167923.0,6000.0,4000.0,s3://ladi/Images/FEMA_CAP/9150/616087/DSC_3956_df16530d-79b6-4904-a890-864ec3d19b53.jpg,https://ladi.s3-us-west-2.amazonaws.com/Images/FEMA_CAP/9150/616087/DSC_3956_df16530d-79b6-4904-a890-864ec3d19b53.jpg
296456,f6f19ab4ff40d25e50b2c1445e52c4db75c478b2,2017-09-07 14:21:46,28.6232116666667,-96.93377,281.0,8620241.0,4496.0,3000.0,s3://ladi/Images/FEMA_CAP/9073/613948/DSC_2881_87160f10-bbee-4312-ab66-70eee10b2604.jpg,https://ladi.s3-us-west-2.amazonaws.com/Images/FEMA_CAP/9073/613948/DSC_2881_87160f10-bbee-4312-ab66-70eee10b2604.jpg
297044,0cb8a39a1ce749e9961a9314057fafe2503ee2e8,2017-09-07 14:48:46,28.974140000000002,-97.1848616666667,329.0,7149475.0,4496.0,3000.0,s3://ladi/Images/FEMA_CAP/9073/613948/DSC_3090_3ac13849-7dca-4f8f-ad49-b8422b38cfd2.jpg,https://ladi.s3-us-west-2.amazonaws.com/Images/FEMA_CAP/9073/613948/DSC_3090_3ac13849-7dca-4f8f-ad49-b8422b38cfd2.jpg
297435,33c79711f87d18ff5e9814884e4e5a66151184b0,2017-09-08 10:21:25,29.472195000000003,-95.5331066666667,376.0,14626044.0,6000.0,4000.0,s3://ladi/Images/FEMA_CAP/9073/613897/DSC_4404_9fb013ae-ab75-47ea-a93c-59f462ceee9e.jpg,https://ladi.s3-us-west-2.amazonaws.com/Images/FEMA_CAP/9073/613897/DSC_4404_9fb013ae-ab75-47ea-a93c-59f462ceee9e.jpg
298003,0758be6358be56f9158921db515802118cb14155,2017-09-07 15:10:30,29.294178333333303,-97.309115,464.0,8412205.0,4496.0,3000.0,s3://ladi/Images/FEMA_CAP/9073/613948/DSC_3425_97065ce3-7038-4a0f-97ba-fcb21b0ac857.jpg,https://ladi.s3-us-west-2.amazonaws.com/Images/FEMA_CAP/9073/613948/DSC_3425_97065ce3-7038-4a0f-97ba-fcb21b0ac857.jpg
298387,810d3c260cc991f1852c9aa775910f3d407c0582,2017-09-08 11:22:38,30.045153333333303,-94.84254666666669,5.0,7545403.0,4496.0,3000.0,s3://ladi/Images/FEMA_CAP/9073/613891/DSC_3986_53814f37-8a54-4659-aa73-5db169b3258d.jpg,https://ladi.s3-us-west-2.amazonaws.com/Images/FEMA_CAP/9073/613891/DSC_3986_53814f37-8a54-4659-aa73-5db169b3258d.jpg
299301,372a14161fdc19fac9b8cf90e72a41c95ab37099,2017-09-08 09:13:23,29.7431466666667,-95.298425,321.0,4026858.0,4496.0,3000.0,s3://ladi/Images/FEMA_CAP/9073/613900/DSC_5889_032c8ebc-db42-44a8-8f71-2ad8da31d705.jpg,https://ladi.s3-us-west-2.amazonaws.com/Images/FEMA_CAP/9073/613900/DSC_5889_032c8ebc-db42-44a8-8f71-2ad8da31d705.jpg
300304,7e64c3875b61f5ad3592fc49813855c7bff731b7,2017-09-15 10:23:25,18.3824583333333,-65.89033,361.0,12335767.0,6000.0,4000.0,s3://ladi/Images/FEMA_CAP/9074/613741/DSC_4570_76009614-7a2a-4cc4-828f-c9f3a5075117.jpg,https://ladi.s3-us-west-2.amazonaws.com/Images/FEMA_CAP/9074/613741/DSC_4570_76009614-7a2a-4cc4-828f-c9f3a5075117.jpg
301344,12d903700bd58bb9d4364af214e25a5f4a35dc75,2017-09-08 18:39:12,30.1349983333333,-93.8661133333333,355.0,14185374.0,6000.0,4000.0,s3://ladi/Images/FEMA_CAP/9073/613901/DSC_6239_84700b87-336a-4acb-b9e6-61014cb1b252.jpg,https://ladi.s3-us-west-2.amazonaws.com/Images/FEMA_CAP/9073/613901/DSC_6239_84700b87-336a-4acb-b9e6-61014cb1b252.jpg
302233,be83a854606945cfc800b3f21c67a8d323d20c12,2017-09-08 12:21:01,30.269518333333302,-93.73262333333331,325.0,8547389.0,4496.0,3000.0,s3://ladi/Images/FEMA_CAP/9073/613891/DSC_4655_59bbfc4b-27c3-407b-a88a-a211fcba8822.jpg,https://ladi.s3-us-west-2.amazonaws.com/Images/FEMA_CAP/9073/613891/DSC_4655_59bbfc4b-27c3-407b-a88a-a211fcba8822.jpg
303129,1844e416e0354fea2eeb0dafc7db8a9ff93dc432,2017-09-01 17:19:11,30.119390000000003,-94.0322383333333,283.0,12031524.0,6000.0,4000.0,s3://ladi/Images/FEMA_CAP/9073/613551/DSC_0615_733648a6-8006-4a4a-ac2a-a0bec8af4a69.jpg,https://ladi.s3-us-west-2.amazonaws.com/Images/FEMA_CAP/9073/613551/DSC_0615_733648a6-8006-4a4a-ac2a-a0bec8af4a69.jpg
303997,b552832355ce39f93b6f8038b628c78f0767d926,2017-09-08 12:56:38,29.938406666666697,-94.02464,314.0,7669213.0,4496.0,3000.0,s3://ladi/Images/FEMA_CAP/9073/613891/DSC_4958_bdd501d9-12aa-4034-af10-af5ca8125aff.jpg,https://ladi.s3-us-west-2.amazonaws.com/Images/FEMA_CAP/9073/613891/DSC_4958_bdd501d9-12aa-4034-af10-af5ca8125aff.jpg
304386,a02fd75e3325c9c7bf37ec05f17850891f0d15e2,2017-09-08 13:12:33,30.017459999999996,-94.1787483333333,270.0,7937667.0,4496.0,3000.0,s3://ladi/Images/FEMA_CAP/9073/613891/DSC_5049_db0bfa09-2ae3-4e00-be39-44e69648872a.jpg,https://ladi.s3-us-west-2.amazonaws.com/Images/FEMA_CAP/9073/613891/DSC_5049_db0bfa09-2ae3-4e00-be39-44e69648872a.jpg
308330,abcf1a686744ffbd63db3a04a5fad04d2a2a954d,2017-09-08 13:45:07,30.034059999999997,-95.1207683333333,292.0,8152934.0,4496.0,3000.0,s3://ladi/Images/FEMA_CAP/9073/613892/020_9686_bba51ba8-ade4-488f-bb77-bc17641de5a5.jpg,https://ladi.s3-us-west-2.amazonaws.com/Images/FEMA_CAP/9073/613892/020_9686_bba51ba8-ade4-488f-bb77-bc17641de5a5.jpg
311097,715069bb01dd619693d2fa6b844d00252f41a98d,2017-09-08 19:45:16,30.153551666666697,-93.7979683333333,326.0,14129495.0,6000.0,4000.0,s3://ladi/Images/FEMA_CAP/9073/613901/DSC_7933_6c324413-d8c1-44f5-943d-15cdaf4c0d1b.jpg,https://ladi.s3-us-west-2.amazonaws.com/Images/FEMA_CAP/9073/613901/DSC_7933_6c324413-d8c1-44f5-943d-15cdaf4c0d1b.jpg
313585,14a3d4c4958604f7ee86bb2570784a1e2f8074fc,2017-09-08 15:18:48,29.786440000000002,-93.9849933333333,335.0,4514034.0,2992.0,2000.0,s3://ladi/Images/FEMA_CAP/9073/613894/DSC_5113_9912e2da-c1b1-4a9f-952e-14ad10156969.jpg,https://ladi.s3-us-west-2.amazonaws.com/Images/FEMA_CAP/9073/613894/DSC_5113_9912e2da-c1b1-4a9f-952e-14ad10156969.jpg
314018,fd44dbf722f66243330a9e7efa599ece3f9978d8,2017-09-08 15:32:33,29.8000566666667,-93.9573683333333,348.0,5809532.0,2992.0,2000.0,s3://ladi/Images/FEMA_CAP/9073/613894/DSC_5330_3b4e70e7-5f7c-4ef6-a08d-9f8330413297.jpg,https://ladi.s3-us-west-2.amazonaws.com/Images/FEMA_CAP/9073/613894/DSC_5330_3b4e70e7-5f7c-4ef6-a08d-9f8330413297.jpg
320410,7573cf62893d5ed7ec08c2084809f22999a159b0,2017-09-10 09:40:04,30.5951416666667,-94.0726333333333,319.0,7899696.0,4496.0,3000.0,s3://ladi/Images/FEMA_CAP/9073/613828/020_3221_caf3f230-fde8-4504-9c7b-33754ea93cc5.jpg,https://ladi.s3-us-west-2.amazonaws.com/Images/FEMA_CAP/9073/613828/020_3221_caf3f230-fde8-4504-9c7b-33754ea93cc5.jpg
328705,1d9eb8da9bf36f5f8f69534e9d84b53c47613d70,2017-10-14 11:15:25,18.224429999999998,-66.652885,941.0,4740692.0,3600.0,2400.0,s3://ladi/Images/FEMA_CAP/9075/614113/A0116_AP_e6557cdf-048a-4fba-9927-f94cc5b3fba4.jpg,https://ladi.s3-us-west-2.amazonaws.com/Images/FEMA_CAP/9075/614113/A0116_AP_e6557cdf-048a-4fba-9927-f94cc5b3fba4.jpg
332948,1103e51f9782d56dc16b4498d3785fccbb04bfb0,2015-10-08 12:23:32,33.704596666666696,-79.8847433333333,360.0,6402369.0,6000.0,4000.0,s3://ladi/Images/FEMA_CAP/1013/20195/DSC_0456_5edad839-d330-4295-85b4-4d4acfef75c1.jpg,https://ladi.s3-us-west-2.amazonaws.com/Images/FEMA_CAP/1013/20195/DSC_0456_5edad839-d330-4295-85b4-4d4acfef75c1.jpg
335648,11b0637417c92f2fe954413fd3b6b814c14e6387,2017-08-31 15:47:07,27.740470000000002,-97.536715,351.0,13348846.0,6000.0,4000.0,s3://ladi/Images/FEMA_CAP/9073/613531/DSC_0476_1b4b4442-9917-497d-8053-17a0700cacba.jpg,https://ladi.s3-us-west-2.amazonaws.com/Images/FEMA_CAP/9073/613531/DSC_0476_1b4b4442-9917-497d-8053-17a0700cacba.jpg
340582,46f54286d5251f440ff1f89318c007c402b251bd,2016-10-18 17:32:00,34.3293666666667,-79.0562,477.0,6419727.0,6000.0,4000.0,s3://ladi/Images/FEMA_CAP/3043/291673/DSC_4892_c2e140fd-1557-4e54-bf99-3d5ed9e6acc0.jpg,https://ladi.s3-us-west-2.amazonaws.com/Images/FEMA_CAP/3043/291673/DSC_4892_c2e140fd-1557-4e54-bf99-3d5ed9e6acc0.jpg
343310,41a625c7d39e393911aeea324a80db1e43ce8f3a,2017-09-01 21:23:49,30.601128333333303,-94.0896333333333,255.0,13331313.0,6000.0,4000.0,s3://ladi/Images/FEMA_CAP/9073/613543/DSC_0163_75591ddd-f607-4f31-96b6-bb123de24921.jpg,https://ladi.s3-us-west-2.amazonaws.com/Images/FEMA_CAP/9073/613543/DSC_0163_75591ddd-f607-4f31-96b6-bb123de24921.jpg
347377,3791d3636fc77c50caaf757077152984dfae544e,2016-10-16 11:01:10,32.0339283333333,-81.0667983333333,470.0,3123555.0,4288.0,2848.0,s3://ladi/Images/FEMA_CAP/3045/291649/DSC_0201_f8b9184d-d9e4-4be1-8cb9-cd8fe0236d43.jpg,https://ladi.s3-us-west-2.amazonaws.com/Images/FEMA_CAP/3045/291649/DSC_0201_f8b9184d-d9e4-4be1-8cb9-cd8fe0236d43.jpg
350793,b31b24f8a5543bc496ebd04f4dad766dff4f9a8f,2017-09-17 13:33:41,28.054251666666698,-82.8279016666667,341.0,12264612.0,6000.0,4000.0,s3://ladi/Images/FEMA_CAP/9074/613810/DSC_1546_f9d72d6d-549a-49e3-9972-2946cb58b50d.jpg,https://ladi.s3-us-west-2.amazonaws.com/Images/FEMA_CAP/9074/613810/DSC_1546_f9d72d6d-549a-49e3-9972-2946cb58b50d.jpg
354771,cd679a136c3a833aa116e83b648a93e7bd778448,2017-08-31 16:48:41,27.6523816666667,-97.5229766666667,344.0,14834958.0,6000.0,4000.0,s3://ladi/Images/FEMA_CAP/9073/613531/DSC_1227_a6c98296-989f-45f0-b127-b5051a1ed6a9.jpg,https://ladi.s3-us-west-2.amazonaws.com/Images/FEMA_CAP/9073/613531/DSC_1227_a6c98296-989f-45f0-b127-b5051a1ed6a9.jpg
356261,f2c646c17608c9b6bc84ae657dd1faa9104f7703,2016-10-09 15:58:58,31.6004133333333,-81.3603583333333,525.0,5737464.0,6000.0,4000.0,s3://ladi/Images/FEMA_CAP/3045/291506/DSC_0347_bde2a339-2f92-4b94-a891-6816a1eb7b06.jpg,https://ladi.s3-us-west-2.amazonaws.com/Images/FEMA_CAP/3045/291506/DSC_0347_bde2a339-2f92-4b94-a891-6816a1eb7b06.jpg
360770,6e1f86e82b7aa5058d735ef42b5cc63f42e82128,2017-09-01 22:12:46,30.6888283333333,-94.084905,388.0,12044459.0,6000.0,4000.0,s3://ladi/Images/FEMA_CAP/9073/613543/DSC_0811_253cc64a-50d8-4831-842b-112866ce1b7d.jpg,https://ladi.s3-us-west-2.amazonaws.com/Images/FEMA_CAP/9073/613543/DSC_0811_253cc64a-50d8-4831-842b-112866ce1b7d.jpg
365674,555989e2aca673f95e0784a77a1bdd980790a0e0,2017-09-25 08:42:29,18.268725,-66.7155055555556,1369.0,3507957.0,4608.0,3456.0,s3://ladi/Images/FEMA_CAP/9075/613986/A0046V-0_a9b06eca-a3d9-4fe6-9394-03301f2ee161.jpg,https://ladi.s3-us-west-2.amazonaws.com/Images/FEMA_CAP/9075/613986/A0046V-0_a9b06eca-a3d9-4fe6-9394-03301f2ee161.jpg
369897,fc3380113522db72c160c14e91151319a1d149e9,2018-10-13 20:55:26,30.785320000000002,-85.38251,349.0,10762067.0,4496.0,3000.0,s3://ladi/Images/FEMA_CAP/9099/615193/DSC_3761_bda3e5f3-9da6-4e98-b5da-f4f0eaabf86b.jpg,https://ladi.s3-us-west-2.amazonaws.com/Images/FEMA_CAP/9099/615193/DSC_3761_bda3e5f3-9da6-4e98-b5da-f4f0eaabf86b.jpg
372476,9b33afa43c949071a0178ddcf087b0e7c13b4e26,2016-10-09 14:50:25,33.778123333333305,-78.7925616666667,314.0,5716034.0,4288.0,2848.0,s3://ladi/Images/FEMA_CAP/3047/291503/DSC_0116_97013ad4-14e6-405a-830e-ff228720cd43.jpg,https://ladi.s3-us-west-2.amazonaws.com/Images/FEMA_CAP/3047/291503/DSC_0116_97013ad4-14e6-405a-830e-ff228720cd43.jpg
372517,0cd7a93b7089eac752bcacc8bbe4bc72b075168d,2016-10-11 16:10:01,34.3241783333333,-78.224085,520.0,6349174.0,4288.0,2848.0,s3://ladi/Images/FEMA_CAP/3043/291560/DSC_0029_2638d22e-0fa1-46e5-86ca-be5081700707.jpg,https://ladi.s3-us-west-2.amazonaws.com/Images/FEMA_CAP/3043/291560/DSC_0029_2638d22e-0fa1-46e5-86ca-be5081700707.jpg
374960,35797f041976683a1a72bac03c17258bb0a111d1,2017-09-16 11:24:38,28.3082416666667,-82.24421,390.0,6530002.0,4496.0,3000.0,s3://ladi/Images/FEMA_CAP/9074/613783/ABW_0403_3f653f28-5185-4ef7-84d3-1f2bd10b18c6.jpg,https://ladi.s3-us-west-2.amazonaws.com/Images/FEMA_CAP/9074/613783/ABW_0403_3f653f28-5185-4ef7-84d3-1f2bd10b18c6.jpg
377045,cf9082feb3a08bae332259f32eb6f4d40eb0e870,2017-10-17 10:34:54,18.2011716666667,-66.0441183333333,805.0,7368691.0,4496.0,3000.0,s3://ladi/Images/FEMA_CAP/9075/614127/A0030_AP_842cdf33-f392-45d6-b5c2-b140fc54b2b2.jpg,https://ladi.s3-us-west-2.amazonaws.com/Images/FEMA_CAP/9075/614127/A0030_AP_842cdf33-f392-45d6-b5c2-b140fc54b2b2.jpg
382458,8ee0a70e95b4b64b414502eb3f232cacaa3c17bb,2017-09-27 16:49:14,18.465146666666698,-66.72493,275.0,7249184.0,4496.0,3000.0,s3://ladi/Images/FEMA_CAP/9075/613998/A0013-79_2b6f69c6-1437-4c3f-b005-f68b203a2e90.jpg,https://ladi.s3-us-west-2.amazonaws.com/Images/FEMA_CAP/9075/613998/A0013-79_2b6f69c6-1437-4c3f-b005-f68b203a2e90.jpg
388226,b01092cf5ae5dc517717c7e2893522783170f14f,2016-10-09 16:50:43,31.78319,-81.13361,470.0,6217758.0,6000.0,4000.0,s3://ladi/Images/FEMA_CAP/3045/291508/DSC_1937_11e85ce7-f461-474c-8de9-53c30298b8af.jpg,https://ladi.s3-us-west-2.amazonaws.com/Images/FEMA_CAP/3045/291508/DSC_1937_11e85ce7-f461-474c-8de9-53c30298b8af.jpg
389501,b5ab1ebbfaf80c9b66e79f884eb078c58a6ce386,2017-09-17 17:00:51,28.2532716666667,-81.43075999999999,315.0,6070940.0,6000.0,4000.0,s3://ladi/Images/FEMA_CAP/9074/613818/DSC_7348_4a810182-7da9-4213-96a6-f29b934957e3.jpg,https://ladi.s3-us-west-2.amazonaws.com/Images/FEMA_CAP/9074/613818/DSC_7348_4a810182-7da9-4213-96a6-f29b934957e3.jpg
393887,270b22cc5da827bf1b049c423e6e74ba5192bdd4,2016-10-09 17:17:35,32.0171066666667,-81.0285683333333,452.0,6272294.0,6000.0,4000.0,s3://ladi/Images/FEMA_CAP/3045/291518/DSC_0168_6d5a62da-f1e5-4b9c-8422-d6fb4997f58b.jpg,https://ladi.s3-us-west-2.amazonaws.com/Images/FEMA_CAP/3045/291518/DSC_0168_6d5a62da-f1e5-4b9c-8422-d6fb4997f58b.jpg
394179,0204c5ebff333ff911c1036181f967e0d84d5f6c,2016-10-15 12:40:36,35.53333,-77.048815,492.0,5981139.0,6000.0,4000.0,s3://ladi/Images/FEMA_CAP/3043/291642/DSC_2162_820ecfcc-07c1-4497-8fb1-b959634ce27f.jpg,https://ladi.s3-us-west-2.amazonaws.com/Images/FEMA_CAP/3043/291642/DSC_2162_820ecfcc-07c1-4497-8fb1-b959634ce27f.jpg
395372,30d4c5dbd10d12ffa9eb089f6ebcfa0fb27cfc38,2016-10-11 15:40:39,32.4962483333333,-80.2940566666667,322.0,5466000.0,4288.0,2848.0,s3://ladi/Images/FEMA_CAP/3047/291584/DSC_0190_2572fdc4-ab25-44f0-85da-0b682cd22dd1.jpg,https://ladi.s3-us-west-2.amazonaws.com/Images/FEMA_CAP/3047/291584/DSC_0190_2572fdc4-ab25-44f0-85da-0b682cd22dd1.jpg
404592,8ca0e0fe6ca535c9abb708a6071077b944f0d0d5,2018-10-17 12:18:16,30.954723333333302,-85.154375,370.0,6839563.0,4288.0,2848.0,s3://ladi/Images/FEMA_CAP/9099/615225/DSC_0004_ea37acea-30e5-4d06-b276-7fdad6040bd6.jpg,https://ladi.s3-us-west-2.amazonaws.com/Images/FEMA_CAP/9099/615225/DSC_0004_ea37acea-30e5-4d06-b276-7fdad6040bd6.jpg
404696,1bc4639e12bb885739e9a7236653bc3b2de1a2f9,2017-09-15 16:43:30,31.176379999999998,-81.3519366666667,321.0,6110812.0,6000.0,4000.0,s3://ladi/Images/FEMA_CAP/9074/613752/DSC_6456_37157342-2fc9-4f89-9f53-ffc25742c5a2.jpg,https://ladi.s3-us-west-2.amazonaws.com/Images/FEMA_CAP/9074/613752/DSC_6456_37157342-2fc9-4f89-9f53-ffc25742c5a2.jpg
409269,550a79d876ded298e9f9e0669f56117c3d53338e,2016-10-16 13:53:09,35.556853333333294,-77.0840066666667,465.0,5755126.0,4288.0,2848.0,s3://ladi/Images/FEMA_CAP/3043/291650/DSC_0241_e8236a55-ce6e-44cf-ab18-a1b398d7d4fc.jpg,https://ladi.s3-us-west-2.amazonaws.com/Images/FEMA_CAP/3043/291650/DSC_0241_e8236a55-ce6e-44cf-ab18-a1b398d7d4fc.jpg
413000,4bd14be46e7fda6fec9bd0fc1f0a24a26fe8c848,2017-10-17 12:02:05,18.3455783333333,-66.3614216666667,449.0,9988435.0,4496.0,3000.0,s3://ladi/Images/FEMA_CAP/9075/614133/A0029_AP_c1655bcd-8a0f-40cf-a815-d45edeaf9031.jpg,https://ladi.s3-us-west-2.amazonaws.com/Images/FEMA_CAP/9075/614133/A0029_AP_c1655bcd-8a0f-40cf-a815-d45edeaf9031.jpg
414671,b52467039289ea191b44c0085620262b56facc8a,2017-09-15 22:10:24,26.339554999999997,-81.5493016666667,412.0,7060495.0,4288.0,2848.0,s3://ladi/Images/FEMA_CAP/9074/613754/DSC_0080_79767931-5a32-47cc-9b65-68b8a0cbe7c8.jpg,https://ladi.s3-us-west-2.amazonaws.com/Images/FEMA_CAP/9074/613754/DSC_0080_79767931-5a32-47cc-9b65-68b8a0cbe7c8.jpg
415746,cadb9599c52744066441a0639770ea1c6738db9e,2016-10-12 19:48:30,35.458138333333295,-77.659935,465.0,10943147.0,6000.0,4000.0,s3://ladi/Images/FEMA_CAP/3043/291595/DSC_5838_ae21912e-8fe2-49be-8b34-3ba9a7739cdf.jpg,https://ladi.s3-us-west-2.amazonaws.com/Images/FEMA_CAP/3043/291595/DSC_5838_ae21912e-8fe2-49be-8b34-3ba9a7739cdf.jpg
416469,1816e7ace31b5832741e4a309f330e1c5ac2336e,2017-09-17 09:55:35,28.947293333333302,-80.85174,442.0,4965714.0,4288.0,2848.0,s3://ladi/Images/FEMA_CAP/9074/613788/DSC_0083_72321702-3d65-4f14-bdbd-870e6cb39b1b.jpg,https://ladi.s3-us-west-2.amazonaws.com/Images/FEMA_CAP/9074/613788/DSC_0083_72321702-3d65-4f14-bdbd-870e6cb39b1b.jpg
418721,c9da876bc0066af0af6644aaafa26ae6adc048da,2016-10-12 22:23:38,34.43889,-78.95436,446.0,6311612.0,4288.0,2848.0,s3://ladi/Images/FEMA_CAP/3043/291596/DSC_0088_54354606-14a8-4b32-be2d-038213ac68b4.jpg,https://ladi.s3-us-west-2.amazonaws.com/Images/FEMA_CAP/3043/291596/DSC_0088_54354606-14a8-4b32-be2d-038213ac68b4.jpg
420125,9341e57f64fdaf07a6fe259662184613c944b921,2017-10-17 15:54:59,18.451604999999997,-66.0056133333333,171.0,5233172.0,4496.0,3000.0,s3://ladi/Images/FEMA_CAP/9075/614134/A0026_AP_405c13bd-3e4e-4ef2-8640-ec99084cd44d.jpg,https://ladi.s3-us-west-2.amazonaws.com/Images/FEMA_CAP/9075/614134/A0026_AP_405c13bd-3e4e-4ef2-8640-ec99084cd44d.jpg
427279,b00500086fa261245ffb015668bb34e069a23369,2017-09-15 17:54:49,26.607541666666698,-81.7500683333333,323.0,5239248.0,3696.0,2448.0,s3://ladi/Images/FEMA_CAP/9074/613755/DSC_2589_e0484611-22ba-47f1-aa31-47010c31c022.jpg,https://ladi.s3-us-west-2.amazonaws.com/Images/FEMA_CAP/9074/613755/DSC_2589_e0484611-22ba-47f1-aa31-47010c31c022.jpg
427615,6d0210a017d7c15d0ed5855b4007e67f5d8fb91f,2017-09-15 17:56:15,26.6075466666667,-81.70548000000001,344.0,4842931.0,3696.0,2448.0,s3://ladi/Images/FEMA_CAP/9074/613755/DSC_2627_b84138c5-68d9-411e-92ed-02d45841e872.jpg,https://ladi.s3-us-west-2.amazonaws.com/Images/FEMA_CAP/9074/613755/DSC_2627_b84138c5-68d9-411e-92ed-02d45841e872.jpg
429702,053e4def6b744edd9b902b0a3dd73b09c52fad7b,2016-10-13 18:04:32,35.899933333333294,-77.5469383333333,610.0,6341614.0,4288.0,2848.0,s3://ladi/Images/FEMA_CAP/3043/291610/DSC_0047_c9f51743-d0ac-48d8-9697-281786df8b66.jpg,https://ladi.s3-us-west-2.amazonaws.com/Images/FEMA_CAP/3043/291610/DSC_0047_c9f51743-d0ac-48d8-9697-281786df8b66.jpg
430582,433926a0e0a12ad4df975688905f508da2ce31b5,2019-09-03 15:55:55,34.718496666666695,-102.49085,1709.0,7494623.0,6000.0,4000.0,s3://ladi/Images/FEMA_CAP/9107/616203/DSC_7383_ad1f1e2e-fee6-469f-9780-1e74976209c5.jpg,https://ladi.s3-us-west-2.amazonaws.com/Images/FEMA_CAP/9107/616203/DSC_7383_ad1f1e2e-fee6-469f-9780-1e74976209c5.jpg
432427,5ea64263f9a58eedd71d1c2556a33d1f184d488a,2017-10-18 16:43:14,18.3363883333333,-66.776005,702.0,7545676.0,4496.0,3000.0,s3://ladi/Images/FEMA_CAP/9075/614137/A0051_AP_7ff36533-ee1d-488c-aa4d-31b8e8a2e70d.jpg,https://ladi.s3-us-west-2.amazonaws.com/Images/FEMA_CAP/9075/614137/A0051_AP_7ff36533-ee1d-488c-aa4d-31b8e8a2e70d.jpg
436743,7b843dd5370a1879b99582b4b544818d3fe4933d,2017-10-18 17:16:25,18.137915,-66.1373233333333,940.0,5723333.0,4496.0,3000.0,s3://ladi/Images/FEMA_CAP/9075/614140/A0069_AP_8e35b76c-232d-4c9e-bcbc-fe4d6a41aa7d.jpg,https://ladi.s3-us-west-2.amazonaws.com/Images/FEMA_CAP/9075/614140/A0069_AP_8e35b76c-232d-4c9e-bcbc-fe4d6a41aa7d.jpg
440815,52acaea42e6924e31806334b4fa22ec37ad044bf,2017-09-16 14:52:29,32.77004,-79.80159499999999,538.0,12586441.0,6000.0,4000.0,s3://ladi/Images/FEMA_CAP/9074/613762/DSC_0392_776b2118-5d15-424b-bb12-a6e9bfb22968.jpg,https://ladi.s3-us-west-2.amazonaws.com/Images/FEMA_CAP/9074/613762/DSC_0392_776b2118-5d15-424b-bb12-a6e9bfb22968.jpg
441180,a0277bcdfa9124eca0342b928bfdb3a324d5059d,2017-09-16 09:43:13,25.93944,-81.376165,361.0,6114136.0,6000.0,4000.0,s3://ladi/Images/FEMA_CAP/9074/613769/DSC_6369_9d518e0b-08c1-4f14-bdf6-383738af282f.jpg,https://ladi.s3-us-west-2.amazonaws.com/Images/FEMA_CAP/9074/613769/DSC_6369_9d518e0b-08c1-4f14-bdf6-383738af282f.jpg
441634,18072ea26f64a1ce218696132c8ab48a5b483ba7,2017-09-17 13:28:46,28.29066,-80.8012816666667,339.0,7389269.0,4928.0,3264.0,s3://ladi/Images/FEMA_CAP/9074/613799/DSC_2380_865c3758-cab9-4b4e-9bff-548d07c26668.jpg,https://ladi.s3-us-west-2.amazonaws.com/Images/FEMA_CAP/9074/613799/DSC_2380_865c3758-cab9-4b4e-9bff-548d07c26668.jpg
450890,417c108474aa2f0a82724468172fa925980629c9,2017-09-01 23:45:44,30.686490000000003,-93.63252,264.0,14691360.0,6000.0,4000.0,s3://ladi/Images/FEMA_CAP/9073/613538/DSC_0265_4467ec0d-e989-4b8c-bd4f-254925e4e17a.jpg,https://ladi.s3-us-west-2.amazonaws.com/Images/FEMA_CAP/9073/613538/DSC_0265_4467ec0d-e989-4b8c-bd4f-254925e4e17a.jpg
450943,9be1d24bc4d90060cbedd42b112ddd41336610b7,2017-09-02 00:24:01,30.4109433333333,-93.7251616666667,312.0,13014418.0,6000.0,4000.0,s3://ladi/Images/FEMA_CAP/9073/613538/DSC_1281_edd1379d-53d6-4170-b1c4-83c20a045318.jpg,https://ladi.s3-us-west-2.amazonaws.com/Images/FEMA_CAP/9073/613538/DSC_1281_edd1379d-53d6-4170-b1c4-83c20a045318.jpg
451050,54d6d3e000b0b86ba45eaaedfb688954281c0d5a,2017-09-02 00:13:50,30.260298333333303,-93.7456516666667,312.0,14939556.0,6000.0,4000.0,s3://ladi/Images/FEMA_CAP/9073/613538/DSC_1051_5f72ef35-01e5-4eca-8d8c-3128b2df9cdf.jpg,https://ladi.s3-us-west-2.amazonaws.com/Images/FEMA_CAP/9073/613538/DSC_1051_5f72ef35-01e5-4eca-8d8c-3128b2df9cdf.jpg
451930,ffaa4c2ac3c0e8721b60222f05da8ce16ef4c60c,2019-09-04 16:53:21,28.769779999999997,-95.6235666666667,262.0,14914459.0,6000.0,4000.0,s3://ladi/Images/FEMA_CAP/9107/616211/DSC_1246_d0006149-c641-4627-91a2-7f9ff1b178d6.jpg,https://ladi.s3-us-west-2.amazonaws.com/Images/FEMA_CAP/9107/616211/DSC_1246_d0006149-c641-4627-91a2-7f9ff1b178d6.jpg
462932,121efc476cce39fc827d1269593076eecb2e4133,2018-10-16 17:35:17,34.5914555555556,-79.0438,739.0,3505282.0,4608.0,3456.0,s3://ladi/Images/FEMA_CAP/5/615223/VIRB0155_429a5cf9-f107-4a10-a5b4-a351b7358845.jpg,https://ladi.s3-us-west-2.amazonaws.com/Images/FEMA_CAP/5/615223/VIRB0155_429a5cf9-f107-4a10-a5b4-a351b7358845.jpg
468989,6875d61e46575633ad4ad6b50ffde71e08bcbeec,2018-05-05 14:19:31,38.89267833333329,-78.4873583333333,601.0,12722036.0,6000.0,4000.0,s3://ladi/Images/FEMA_CAP/5/614514/181_2434_dad702ef-a4fe-4a44-9ff7-a095ad84f714.jpg,https://ladi.s3-us-west-2.amazonaws.com/Images/FEMA_CAP/5/614514/181_2434_dad702ef-a4fe-4a44-9ff7-a095ad84f714.jpg
472348,fb579f423380dfc03fd0e0b22f9f66fa199e9e26,2018-11-23 14:22:38,34.6134472222222,-79.059875,4294967281.0,3473839.0,4608.0,3456.0,s3://ladi/Images/FEMA_CAP/5/615428/VIRB0002_62c0d8c0-891a-4b2a-83ed-6b3db82f0b46.jpg,https://ladi.s3-us-west-2.amazonaws.com/Images/FEMA_CAP/5/615428/VIRB0002_62c0d8c0-891a-4b2a-83ed-6b3db82f0b46.jpg
472636,72ed3864ffe4d614edb857432dc74df7de026ce4,2018-11-23 14:48:09,34.6232638888889,-79.0353083333333,4294967228.0,3505646.0,4608.0,3456.0,s3://ladi/Images/FEMA_CAP/5/615428/VIRB0045_a448d16a-ff06-4720-9d41-1ab952524202.jpg,https://ladi.s3-us-west-2.amazonaws.com/Images/FEMA_CAP/5/615428/VIRB0045_a448d16a-ff06-4720-9d41-1ab952524202.jpg
496392,72b03710d20f93bc1c16ed4b787beceed48a2f3a,2018-06-16 17:15:25,33.9232783333333,-78.0567066666667,146.0,8559035.0,6000.0,4000.0,s3://ladi/Images/FEMA_CAP/5/614727/DSC_7026_b7150e3d-62f3-4935-987b-54f8cbe43f0c.jpg,https://ladi.s3-us-west-2.amazonaws.com/Images/FEMA_CAP/5/614727/DSC_7026_b7150e3d-62f3-4935-987b-54f8cbe43f0c.jpg
513783,65750cff774f2b7a42d43192c27717f24fc2904f,2016-05-21 11:21:16,30.3247,-88.4554833333333,807.0,10412730.0,4608.0,3456.0,s3://ladi/Images/FEMA_CAP/5/180802/VIRB0298_98221971-81f0-4acd-98a2-5f7ed97c6595.jpg,https://ladi.s3-us-west-2.amazonaws.com/Images/FEMA_CAP/5/180802/VIRB0298_98221971-81f0-4acd-98a2-5f7ed97c6595.jpg
546961,1fe4baa8c0e4351b7663ec6e71412ef92533545e,2019-09-05 12:39:07,32.4321116666667,-98.9875866666667,841.0,6068609.0,4288.0,2848.0,s3://ladi/Images/FEMA_CAP/9107/616213/DSC_0193_8f573a25-aeed-498b-a9cb-6e8855a90bdc.jpg,https://ladi.s3-us-west-2.amazonaws.com/Images/FEMA_CAP/9107/616213/DSC_0193_8f573a25-aeed-498b-a9cb-6e8855a90bdc.jpg
547317,9467c82795a931d97cd09af85b26a69740ce2aab,2019-09-06 18:26:06,34.2505416666667,-77.9462033333333,487.0,6194542.0,4288.0,2848.0,s3://ladi/Images/FEMA_CAP/9161/616222/FEMA_REG_8de226cc-5225-4452-a924-15fa9a47855f.jpg,https://ladi.s3-us-west-2.amazonaws.com/Images/FEMA_CAP/9161/616222/FEMA_REG_8de226cc-5225-4452-a924-15fa9a47855f.jpg
548730,52a4970355fab1dd3e4281b88421274ea5411359,2019-09-07 11:29:08,35.1184016666667,-77.0533683333333,642.0,9242940.0,6000.0,4000.0,s3://ladi/Images/FEMA_CAP/9161/616227/FEMA_Reg_620b9ed3-068c-4b71-bf2a-7753164fd6cf.jpg,https://ladi.s3-us-west-2.amazonaws.com/Images/FEMA_CAP/9161/616227/FEMA_Reg_620b9ed3-068c-4b71-bf2a-7753164fd6cf.jpg
548926,f7151326783faa156a6256237337ca45c2163ba1,2019-09-07 11:33:25,35.1092183333333,-77.0419583333333,723.0,8183314.0,6000.0,4000.0,s3://ladi/Images/FEMA_CAP/9161/616227/FEMA_Reg_6ff6a192-a191-4ad1-8c8a-fd4d71b7747b.jpg,https://ladi.s3-us-west-2.amazonaws.com/Images/FEMA_CAP/9161/616227/FEMA_Reg_6ff6a192-a191-4ad1-8c8a-fd4d71b7747b.jpg
549172,81da9d3d11d585a4e0f754c44bd2bcea397170fe,2019-09-06 21:03:49,30.083633333333303,-81.68182166666669,326.0,12608299.0,6000.0,4000.0,s3://ladi/Images/FEMA_CAP/9157/616220/DSC_8158_f7177ece-485c-4ee2-9e61-bb8743314e3a.jpg,https://ladi.s3-us-west-2.amazonaws.com/Images/FEMA_CAP/9157/616220/DSC_8158_f7177ece-485c-4ee2-9e61-bb8743314e3a.jpg
549203,3896c511664f6e3beda99dd31af98d2150d2cb36,2019-09-07 12:01:45,35.135973333333304,-76.8007066666667,598.0,9309831.0,6000.0,4000.0,s3://ladi/Images/FEMA_CAP/9161/616227/FEMA_Reg_a8a57247-5584-450b-966e-8d3fe25def9a.jpg,https://ladi.s3-us-west-2.amazonaws.com/Images/FEMA_CAP/9161/616227/FEMA_Reg_a8a57247-5584-450b-966e-8d3fe25def9a.jpg
550267,b31c39d6bf7476726f51506c47a0faa071974af8,2019-09-17 10:04:15,30.7495783333333,-81.66282333333331,306.0,11923418.0,6000.0,4000.0,s3://ladi/Images/FEMA_CAP/5/616274/DSC_8349_869ad8b1-9956-454a-a53d-f607f268422b.jpg,https://ladi.s3-us-west-2.amazonaws.com/Images/FEMA_CAP/5/616274/DSC_8349_869ad8b1-9956-454a-a53d-f607f268422b.jpg
